199.995,36.9099
200,45.238
200.005,53.9268
200.01,64.2278
200.015,74.8513
200.02,85.6081
200.025,97.8244
200.03,110.453
200.035,121.806
200.04,132.676
200.045,143.162
200.05,151.581
200.055,158.406
200.06,164.135
200.065,166.359
200.07,164.035
200.075,158.762
200.08,149.962
200.085,136.398
200.09,119.574
200.095,100.288
200.1,78.3701
200.105,56.3037
200.11,36.3413
200.115,17.4146
200.12,-0.199333
200.125,-14.2886
200.13,-25.4385
200.135,-34.9273
200.14,-41.5278
200.145,-45.4763
200.15,-48.9194
200.155,-51.3779
200.16,-51.9012
200.165,-52.3661
200.17,-53.1624
200.175,-52.6199
200.18,-51.5783
200.185,-51.2559
200.19,-50.2989
200.195,-48.95
200.2,-49.206
200.205,-49.8238
200.21,-49.0311
200.215,-48.0935
200.22,-47.3133
200.225,-45.4056
200.23,-43.4197
200.235,-42.6982
200.24,-41.5043
200.245,-39.1
200.25,-37.1869
200.255,-35.5222
200.26,-33.5546
200.265,-33.0262
200.27,-34.0064
200.275,-34.1269
200.28,-33.6919
200.285,-34.3047
200.29,-34.8891
200.295,-35.2771
200.3,-36.9111
200.305,-38.5082
200.31,-38.4873
200.315,-38.0579
200.32,-37.651
200.325,-36.1617
200.33,-34.6163
200.335,-34.3234
200.34,-34.2316
200.345,-34.4909
200.35,-36.2071
200.355,-37.5961
200.36,-36.8619
200.365,-35.2002
200.37,-33.0756
200.375,-29.4506
200.38,-25.0966
200.385,-20.7454
200.39,-14.87
200.395,-8.29494
200.4,-3.68018
200.405,0.360222
200.41,5.57
200.415,9.69333
200.42,11.754
200.425,12.8293
200.43,10.8985
200.435,3.5774
200.44,-6.67272
200.445,-17.2729
200.45,-27.5531
200.455,-35.5123
200.46,-40.0974
200.465,-43.4655
200.47,-46.3055
200.475,-47.2087
200.48,-47.6381
200.485,-49.2758
200.49,-49.3484
200.495,-44.4407
200.5,-32.1134
200.505,-3.20615
200.51,53.2295
200.515,134.076
200.52,218.165
200.525,276.821
200.53,284.074
200.535,235.056
200.54,154.024
200.545,71.3467
200.55,6.2141
200.555,-33.556
200.56,-50.3926
200.565,-54.0392
200.57,-52.1622
200.575,-47.9383
200.58,-44.5437
200.585,-43.3871
200.59,-42.2833
200.595,-40.2897
200.6,-38.4356
200.605,-35.2868
200.61,-29.5487
200.615,-23.2959
200.62,-17.4294
200.625,-10.6552
200.63,-4.035
200.635,1.30333
200.64,7.07087
200.645,13.6413
200.65,19.8229
200.655,26.9044
200.66,35.8929
200.665,44.9826
200.67,54.0668
200.675,64.8496
200.68,76.2499
200.685,87.2318
200.69,99.3982
200.695,112.542
200.7,124.638
200.705,136.082
200.71,147.264
200.715,156.05
200.72,162.012
200.725,166.285
200.73,167.543
200.735,164.381
200.74,157.792
200.745,147.491
200.75,132.249
200.755,113.895
200.76,94.0724
200.765,72.1441
200.77,49.6538
200.775,29.6596
200.78,11.8791
200.785,-4.54222
200.79,-17.7576
200.795,-27.4726
200.8,-35.6598
200.805,-42.0444
200.81,-46.0936
200.815,-49.5461
200.82,-52.295
200.825,-52.6844
200.83,-51.9953
200.835,-51.7166
200.84,-50.576
200.845,-48.5962
200.85,-47.4279
200.855,-46.3738
200.86,-44.5683
200.865,-43.4526
200.87,-42.8769
200.875,-41.2867
200.88,-40.0599
200.885,-40.2693
200.89,-40.052
200.895,-39.3834
200.9,-39.5735
200.905,-39.1826
200.91,-37.5042
200.915,-36.8184
200.92,-37.318
200.925,-36.9298
200.93,-36.2886
200.935,-36.6483
200.94,-36.6658
200.945,-36.0605
200.95,-36.196
200.955,-36.1675
200.96,-35.3473
200.965,-35.5565
200.97,-36.7407
200.975,-37.3279
200.98,-38.2774
200.985,-40.0045
200.99,-40.1983
200.995,-38.9473
201,-38.3941
201.005,-38.0145
201.01,-37.44
201.015,-38.2127
201.02,-39.2931
201.025,-37.7806
201.03,-34.1222
201.035,-29.7947
201.04,-23.7076
201.045,-15.9511
201.05,-8.61895
201.055,-2.23285
201.06,3.73534
201.065,8.64986
201.07,13.1273
201.075,18.1183
201.08,21.2109
201.085,20.2532
201.09,15.8581
201.095,7.44511
201.1,-5.19636
201.105,-18.5514
201.11,-29.5302
201.115,-38.3762
201.12,-44.7364
201.125,-47.6533
201.13,-49.1409
201.135,-50.952
201.14,-52.258
201.145,-53.2905
201.15,-54.1818
201.155,-50.6353
201.16,-35.74
201.165,-0.0711621
201.17,64.2057
201.175,151.379
201.18,235.58
201.185,286.524
201.19,284.361
201.195,230.336
201.2,147.159
201.205,64.4886
201.21,1.95845
201.215,-36.4559
201.22,-54.364
201.225,-58.023
201.23,-55.7488
201.235,-52.8464
201.24,-49.6262
201.245,-46.5795
201.25,-44.8207
201.255,-42.8305
201.26,-39.4269
201.265,-35.9252
201.27,-31.6201
201.275,-24.7301
201.28,-17.2299
201.285,-10.8885
201.29,-4.42438
201.295,2.4853
201.3,8.15761
201.305,13.0869
201.31,18.941
201.315,25.1298
201.32,32.0324
201.325,41.3435
201.33,52.1802
201.335,62.8151
201.34,74.4959
201.345,87.7419
201.35,100.662
201.355,113.406
201.36,126.764
201.365,138.877
201.37,148.993
201.375,158.586
201.38,166.206
201.385,169.454
201.39,169.226
201.395,165.648
201.4,156.737
201.405,142.977
201.41,126.036
201.415,105.579
201.42,82.9197
201.425,61.1207
201.43,40.6574
201.435,20.8497
201.44,3.56182
201.445,-10.5775
201.45,-23.1562
201.455,-33.3438
201.46,-40.0276
201.465,-45.0589
201.47,-49.2646
201.475,-51.5172
201.48,-53.0245
201.485,-54.8484
201.49,-55.2004
201.495,-53.8676
201.5,-52.8075
201.505,-52.0382
201.51,-50.4856
201.515,-49.2767
201.52,-48.8164
201.525,-47.6336
201.53,-46.6198
201.535,-46.9314
201.54,-47.1688
201.545,-46.8384
201.55,-46.9327
201.555,-46.3219
201.56,-44.0305
201.565,-41.8448
201.57,-40.4948
201.575,-38.8057
201.58,-37.5587
201.585,-37.9838
201.59,-38.5097
201.595,-38.5398
201.6,-39.325
201.605,-39.8124
201.61,-39.2649
201.615,-39.5427
201.62,-40.7305
201.625,-40.8843
201.63,-40.7384
201.635,-41.758
201.64,-42.8727
201.645,-43.7413
201.65,-45.421
201.655,-46.8557
201.66,-46.8171
201.665,-46.7211
201.67,-46.6507
201.675,-44.8782
201.68,-41.7508
201.685,-38.5055
201.69,-34.3995
201.695,-29.413
201.7,-24.7586
201.705,-19.575
201.71,-13.6863
201.715,-9.2985
201.72,-5.80827
201.725,-0.604288
201.73,5.08067
201.735,8.51427
201.74,9.44154
201.745,6.9025
201.75,-1.42993
201.755,-13.9771
201.76,-27.0123
201.765,-39.3132
201.77,-49.7418
201.775,-55.9895
201.78,-58.5145
201.785,-59.7391
201.79,-60.1368
201.795,-60.7386
201.8,-63.2185
201.805,-64.9501
201.81,-61.4541
201.815,-50.3308
201.82,-23.0262
201.825,32.6336
201.83,115.267
201.835,204.633
201.84,271.979
201.845,290.267
201.85,249.411
201.855,169.453
201.86,81.9557
201.865,8.69004
201.87,-40.7376
201.875,-65.9779
201.88,-74.4803
201.885,-74.4293
201.89,-69.7201
201.895,-63.522
201.9,-58.6004
201.905,-54.3418
201.91,-49.5301
201.915,-45.7113
201.92,-42.7924
201.925,-38.4136
201.93,-33.1992
201.935,-28.3778
201.94,-22.4417
201.945,-15.2031
201.95,-8.13052
201.955,-0.374312
201.96,8.67797
201.965,16.7392
201.97,23.5122
201.975,31.0998
201.98,39.5235
201.985,48.6825
201.99,60.5297
201.995,74.6631
202,88.7117
202.005,102.968
202.01,117.859
202.015,131.12
202.02,142.18
202.025,152.784
202.03,162.081
202.035,168.548
202.04,173.012
202.045,174.747
202.05,171.633
202.055,164.2
202.06,153.028
202.065,136.337
202.07,114.597
202.075,91.1235
202.08,67.045
202.085,43.0005
202.09,21.7258
202.095,3.92385
202.1,-11.9619
202.105,-25.4838
202.11,-35.9827
202.115,-45.169
202.12,-53.1643
202.125,-58.3103
202.13,-61.5509
202.135,-63.9339
202.14,-63.9271
202.145,-61.9602
202.15,-60.2671
202.155,-58.4932
202.16,-56.2567
202.165,-55.345
202.17,-55.616
202.175,-55.3017
202.18,-55.2565
202.185,-55.9384
202.19,-55.3616
202.195,-53.6645
202.2,-52.7271
202.205,-51.5037
202.21,-49.2575
202.215,-48.1076
202.22,-48.0337
202.225,-47.1751
202.23,-46.3743
202.235,-46.7776
202.24,-47.0222
202.245,-47.0758
202.25,-48.1896
202.255,-48.8497
202.26,-47.9746
202.265,-47.7194
202.27,-48.6897
202.275,-48.996
202.28,-48.8986
202.285,-49.2397
202.29,-48.6974
202.295,-47.6216
202.3,-47.5381
202.305,-47.391
202.31,-46.501
202.315,-46.3869
202.32,-46.3418
202.325,-44.241
202.33,-41.0458
202.335,-37.5215
202.34,-31.9688
202.345,-24.9355
202.35,-19.401
202.355,-15.5675
202.36,-11.8509
202.365,-8.40553
202.37,-5.06409
202.375,-1.45281
202.38,-0.20768
202.385,-3.52566
202.39,-11.0786
202.395,-22.5476
202.4,-36.9402
202.405,-50.4751
202.41,-60.4016
202.415,-67.416
202.42,-71.6743
202.425,-72.7846
202.43,-73.0431
202.435,-74.2656
202.44,-75.5947
202.445,-76.9669
202.45,-76.578
202.455,-68.8022
202.46,-45.6385
202.465,3.19367
202.47,83.0874
202.475,182.776
202.48,269.979
202.485,309.511
202.49,284.302
202.495,207.16
202.5,109.333
202.505,21.7865
202.51,-39.031
202.515,-72.7592
202.52,-86.1685
202.525,-87.0963
202.53,-83.3666
202.535,-79.3318
202.54,-74.8079
202.545,-70.1815
202.55,-66.4403
202.555,-62.3269
202.56,-57.2688
202.565,-52.6465
202.57,-48.2764
202.575,-42.5541
202.58,-36.2188
202.585,-29.9375
202.59,-22.1809
202.595,-13.4426
202.6,-5.41861
202.605,2.99729
202.61,12.3154
202.615,20.691
202.62,28.9609
202.625,39.0122
202.63,49.8051
202.635,60.8294
202.64,73.7658
202.645,87.8331
202.65,100.701
202.655,113.346
202.66,126.603
202.665,138.354
202.67,148.241
202.675,157.387
202.68,164.001
202.685,166.337
202.69,165.005
202.695,159.027
202.7,146.96
202.705,130.677
202.71,112.154
202.715,91.1454
202.72,68.9296
202.725,47.5025
202.73,26.6179
202.735,6.52509
202.74,-10.3395
202.745,-23.7147
202.75,-35.1326
202.755,-44.1345
202.76,-50.4528
202.765,-55.9288
202.77,-60.3134
202.775,-62.0358
202.78,-62.2972
202.785,-61.9657
202.79,-60.045
202.795,-57.9989
202.8,-57.4301
202.805,-56.8492
202.81,-55.4293
202.815,-54.5364
202.82,-53.5406
202.825,-50.9781
202.83,-48.0883
202.835,-45.9316
202.84,-43.2066
202.845,-40.609
202.85,-39.5916
202.855,-38.5365
202.86,-36.2276
202.865,-34.5525
202.87,-33.2482
202.875,-31.1804
202.88,-30.256
202.885,-31.5977
202.89,-33.1611
202.895,-34.4437
202.9,-36.4922
202.905,-38.0411
202.91,-38.3442
202.915,-39.0138
202.92,-39.8177
202.925,-39.4023
202.93,-39.0582
202.935,-39.4659
202.94,-39.1269
202.945,-38.6838
202.95,-39.036
202.955,-38.0785
202.96,-34.7673
202.965,-30.9289
202.97,-26.5252
202.975,-20.3971
202.98,-13.7036
202.985,-7.87829
202.99,-2.07871
202.995,4.01959
203,9.82377
203.005,15.9093
203.01,21.3103
203.015,23.1589
203.02,21.0796
203.025,15.5779
203.03,6.20264
203.035,-5.02967
203.04,-13.9609
203.045,-20.3178
203.05,-25.9119
203.055,-29.6282
203.06,-31.4216
203.065,-33.8208
203.07,-36.4098
203.075,-37.8088
203.08,-38.3473
203.085,-35.3781
203.09,-23.1115
203.095,5.76536
203.1,59.2092
203.105,137.432
203.11,221.197
203.115,279.327
203.12,286.835
203.125,241.09
203.13,162.882
203.135,81.1659
203.14,18.3547
203.145,-19.0847
203.15,-36.1952
203.155,-39.2596
203.16,-34.6774
203.165,-28.6182
203.17,-23.1536
203.175,-18.1317
203.18,-14.998
203.185,-13.6977
203.19,-11.7476
203.195,-8.88908
203.2,-6.1157
203.205,-2.20467
203.21,3.06966
203.215,8.01752
203.22,13.082
203.225,19.1975
203.23,24.7826
203.235,29.5651
203.24,35.5908
203.245,42.7439
203.25,49.7613
203.255,57.6661
203.26,67.225
203.265,76.8055
203.27,86.5209
203.275,97.7372
203.28,108.896
203.285,118.829
203.29,129.265
203.295,140.261
203.3,149.808
203.305,157.962
203.31,164.749
203.315,168
203.32,167.493
203.325,164.577
203.33,158.061
203.335,146.465
203.34,131.386
203.345,113.933
203.35,93.6388
203.355,72.4283
203.36,52.303
203.365,32.6083
203.37,14.1718
203.375,-0.74639
203.38,-12.5473
203.385,-22.5673
203.39,-30.0049
203.395,-35.0762
203.4,-39.6658
203.405,-43.2235
203.41,-44.8805
203.415,-46.1248
203.42,-47.2594
203.425,-47.2298
203.43,-46.9143
203.435,-46.7775
203.44,-44.9727
203.445,-41.7721
203.45,-39.4392
203.455,-37.3763
203.46,-34.7654
203.465,-33.1126
203.47,-32.305
203.475,-30.896
203.48,-30.1444
203.485,-30.6772
203.49,-30.4881
203.495,-29.7349
203.5,-30.0846
203.505,-30.3987
203.51,-29.6227
203.515,-29.5421
203.52,-30.3991
203.525,-30.5236
203.53,-30.5145
203.535,-31.1741
203.54,-31.0556
203.545,-30.4311
203.55,-31.4174
203.555,-33.1991
203.56,-34.3755
203.565,-35.9532
203.57,-37.2673
203.575,-36.1724
203.58,-33.3562
203.585,-30.0072
203.59,-24.8785
203.595,-18.7108
203.6,-13.3939
203.605,-7.58628
203.61,-0.977706
203.615,4.4292
203.62,9.66172
203.625,16.6769
203.63,23.0972
203.635,25.9073
203.64,25.4572
203.645,20.7308
203.65,9.86302
203.655,-3.88488
203.66,-16.4879
203.665,-27.4634
203.67,-35.8499
203.675,-40.214
203.68,-42.548
203.685,-44.8947
203.69,-46.4814
203.695,-48.2304
203.7,-51.9349
203.705,-54.1697
203.71,-50.3438
203.715,-38.1211
203.72,-8.59583
203.725,48.2275
203.73,127.944
203.735,209.587
203.74,265.96
203.745,272.635
203.75,225.409
203.755,147.316
203.76,68.025
203.765,5.9142
203.77,-32.3308
203.775,-48.8566
203.78,-52.5268
203.785,-51.2495
203.79,-47.9261
203.795,-44.5191
203.8,-42.5801
203.805,-40.8657
203.81,-38.3216
203.815,-35.9714
203.82,-32.9094
203.825,-27.4855
203.83,-21.1972
203.835,-15.3431
203.84,-8.75135
203.845,-1.99312
203.85,3.16566
203.855,8.04185
203.86,13.8876
203.865,19.5544
203.87,25.9095
203.875,34.4956
203.88,43.7412
203.885,52.9525
203.89,63.8872
203.895,75.9562
203.9,87.2389
203.905,98.52
203.91,110.209
203.915,120.454
203.92,129.352
203.925,137.926
203.93,144.501
203.935,148.131
203.94,150.1
203.945,149.628
203.95,144.555
203.955,135.534
203.96,123.241
203.965,106.527
203.97,86.6719
203.975,66.3438
203.98,45.7854
203.985,25.5511
203.99,7.94609
203.995,-7.12889
204,-20.8088
204.005,-31.767
204.01,-39.6461
204.015,-46.479
204.02,-52.3517
204.025,-56.0643
204.03,-58.8835
204.035,-61.7348
204.04,-63.6074
204.045,-65.2582
204.05,-67.7965
204.055,-69.275
204.06,-68.3707
204.065,-67.0045
204.07,-65.4067
204.075,-62.3218
204.08,-59.4277
204.085,-57.8457
204.09,-55.8359
204.095,-53.7107
204.1,-53.2078
204.105,-52.995
204.11,-52.1524
204.115,-52.3014
204.12,-53.1241
204.125,-52.9153
204.13,-52.6254
204.135,-52.7627
204.14,-51.719
204.145,-49.8359
204.15,-48.6774
204.155,-47.8551
204.16,-47.0356
204.165,-47.0637
204.17,-46.5756
204.175,-44.0776
204.18,-41.5413
204.185,-39.4692
204.19,-35.5693
204.195,-30.9911
204.2,-27.1901
204.205,-22.4769
204.21,-16.4296
204.215,-10.9597
204.22,-6.03633
204.225,-0.743643
204.23,4.09781
204.235,8.86609
204.24,14.9105
204.245,20.0673
204.25,21.061
204.255,16.65
204.26,6.06429
204.265,-9.58931
204.27,-25.5335
204.275,-37.0767
204.28,-44.3615
204.285,-49.1277
204.29,-51.3748
204.295,-52.7755
204.3,-55.2409
204.305,-57.7433
204.31,-59.7293
204.315,-61.8406
204.32,-60.8782
204.325,-52.4241
204.33,-33.5361
204.335,4.37483
204.34,69.952
204.345,155.133
204.35,233.53
204.355,276.337
204.36,263.54
204.365,200.047
204.37,114.55
204.375,36.6924
204.38,-19.4819
204.385,-52.0201
204.39,-64.3749
204.395,-64.7889
204.4,-61.0364
204.405,-55.7292
204.41,-50.6362
204.415,-47.9031
204.42,-46.0609
204.425,-42.5219
204.43,-38.0551
204.435,-33.8171
204.44,-28.5759
204.445,-22.4952
204.45,-16.7043
204.455,-10.1459
204.46,-2.79
204.465,4.06321
204.47,11.044
204.475,18.8063
204.48,26.092
204.485,32.6546
204.49,40.2446
204.495,48.5331
204.5,56.8453
204.505,67.0701
204.51,79.3025
204.515,91.2359
204.52,103.005
204.525,115.237
204.53,126.254
204.535,135.313
204.54,143.883
204.545,151.132
204.55,155.092
204.555,156.646
204.56,155.839
204.565,150.445
204.57,140.776
204.575,127.745
204.58,109.948
204.585,88.236
204.59,66.0286
204.595,44.2429
204.6,23.2208
204.605,5.3526
204.61,-8.82662
204.615,-21.4514
204.62,-32.3113
204.625,-40.8068
204.63,-48.0817
204.635,-54.2803
204.64,-58.2108
204.645,-60.957
204.65,-63.7126
204.655,-64.8461
204.66,-64.0002
204.665,-62.8886
204.67,-61.6116
204.675,-59.4797
204.68,-57.8755
204.685,-57.13
204.69,-55.4814
204.695,-53.4108
204.7,-52.1821
204.705,-50.9645
204.71,-49.5836
204.715,-49.0435
204.72,-48.5611
204.725,-47.4285
204.73,-47.2065
204.735,-47.7122
204.74,-46.8588
204.745,-45.3853
204.75,-44.7818
204.755,-43.8772
204.76,-42.581
204.765,-42.74
204.77,-43.6409
204.775,-43.9013
204.78,-44.7043
204.785,-46.2223
204.79,-46.554
204.795,-45.7887
204.8,-44.7045
204.805,-41.8558
204.81,-37.2109
204.815,-32.8279
204.82,-28.4959
204.825,-23.4875
204.83,-19.7202
204.835,-17.0257
204.84,-12.7421
204.845,-6.54734
204.85,0.348942
204.855,7.43916
204.86,12.1267
204.865,10.3065
204.87,1.36
204.875,-11.7358
204.88,-26.9222
204.885,-41.5169
204.89,-52.0062
204.895,-58.8482
204.9,-63.6925
204.905,-65.5983
204.91,-65.2156
204.915,-65.2278
204.92,-65.9632
204.925,-66.47
204.93,-65.8205
204.935,-60.3021
204.94,-44.0647
204.945,-9.41592
204.95,50.7663
204.955,134.541
204.96,220.989
204.965,277.95
204.97,280.79
204.975,228.618
204.98,143.94
204.985,57.1581
204.99,-9.08895
204.995,-48.8239
205,-67.3894
205.005,-71.3828
205.01,-67.7795
205.015,-62.7822
205.02,-58.0277
205.025,-53.4222
205.03,-50.6692
205.035,-49.4686
205.04,-47.0779
205.045,-43.3751
205.05,-39.2723
205.055,-33.5771
205.06,-26.776
205.065,-20.8496
205.07,-15.0232
205.075,-8.40981
205.08,-2.50218
205.085,3.1226
205.09,10.8602
205.095,20.1812
205.1,29.5329
205.105,39.6533
205.11,50.3222
205.115,60.4082
205.12,71.2047
205.125,83.7894
205.13,96.284
205.135,108.094
205.14,120.215
205.145,131.318
205.15,139.94
205.155,147.278
205.16,152.787
205.165,154.263
205.17,152.562
205.175,148.5
205.18,139.794
205.185,125.83
205.19,108.33
205.195,87.4559
205.2,63.9497
205.205,41.1505
205.21,20.8603
205.215,1.77322
205.22,-16.0648
205.225,-30.933
205.23,-43.1303
205.235,-53.3438
205.24,-60.5027
205.245,-65.0683
205.25,-68.654
205.255,-70.2865
205.26,-69.7127
205.265,-69.5813
205.27,-70.2078
205.275,-69.7938
205.28,-69.1309
205.285,-68.8003
205.29,-67.2455
205.295,-65.1059
205.3,-64.2991
205.305,-63.6171
205.31,-62.3774
205.315,-61.9075
205.32,-61.6426
205.325,-60.4916
205.33,-59.7498
205.335,-59.9141
205.34,-59.4016
205.345,-58.5663
205.35,-58.3662
205.355,-57.5749
205.36,-55.9034
205.365,-55.3335
205.37,-55.545
205.375,-54.8067
205.38,-54.3568
205.385,-55.1033
205.39,-55.2447
205.395,-54.8098
205.4,-54.9301
205.405,-53.6932
205.41,-50.2414
205.415,-46.5255
205.42,-42.6676
205.425,-37.7677
205.43,-32.8215
205.435,-28.3784
205.44,-23.4922
205.445,-18.6751
205.45,-14.0479
205.455,-7.79803
205.46,-0.860771
205.465,2.65788
205.47,0.854791
205.475,-6.50504
205.48,-19.4847
205.485,-34.9889
205.49,-47.9407
205.495,-56.8457
205.5,-62.8989
205.505,-65.7663
205.51,-66.5163
205.515,-68.1947
205.52,-70.8619
205.525,-73.0879
205.53,-75.7696
205.535,-77.6329
205.54,-73.2609
205.545,-58.9575
205.55,-27.786
205.555,31.0725
205.56,116.576
205.565,207.201
205.57,272.13
205.575,284.724
205.58,237.371
205.585,152.021
205.59,62.7404
205.595,-7.91237
205.6,-53.0274
205.605,-74.0486
205.61,-78.3732
205.615,-75.8104
205.62,-71.1648
205.625,-65.4713
205.63,-60.6312
205.635,-57.1451
205.64,-53.373
205.645,-49.7755
205.65,-47.4263
205.655,-44.5646
205.66,-40.5346
205.665,-36.9128
205.67,-32.7653
205.675,-26.2079
205.68,-18.5683
205.685,-11.1796
205.69,-3.40762
205.695,4.04781
205.7,10.7645
205.705,18.9718
205.71,29.0802
205.715,38.9176
205.72,48.9576
205.725,60.3873
205.73,71.5948
205.735,81.9949
205.74,93.0438
205.745,103.973
205.75,113.554
205.755,122.852
205.76,131.279
205.765,136.162
205.77,137.386
205.775,135.925
205.78,130.241
205.785,119.827
205.79,106.526
205.795,90.6608
205.8,72.2835
205.805,53.4201
205.81,34.3275
205.815,13.617
205.82,-6.88818
205.825,-24.3613
205.83,-39.2529
205.835,-51.7164
205.84,-60.1056
205.845,-65.6186
205.85,-70.2106
205.855,-72.8152
205.86,-73.4185
205.865,-73.9641
205.87,-73.9472
205.875,-72.1932
205.88,-70.4729
205.885,-69.2539
205.89,-66.9723
205.895,-64.5684
205.9,-63.3828
205.905,-62.3317
205.91,-61.2337
205.915,-61.1702
205.92,-60.84
205.925,-59.0146
205.93,-57.6641
205.935,-57.3789
205.94,-56.3592
205.945,-55.3044
205.95,-55.5046
205.955,-55.1654
205.96,-53.5285
205.965,-52.5506
205.97,-52.1514
205.975,-51.3565
205.98,-51.4546
205.985,-52.212
205.99,-51.7011
205.995,-50.5391
206,-49.2979
206.005,-46.1726
206.01,-41.2997
206.015,-36.6674
206.02,-31.8528
206.025,-25.5757
206.03,-19.3936
206.035,-14.2661
206.04,-8.32497
206.045,-1.53458
206.05,5.05876
206.055,11.9211
206.06,17.2814
206.065,17.253
206.07,10.7392
206.075,-0.566464
206.08,-14.7589
206.085,-28.486
206.09,-38.2372
206.095,-44.3385
206.1,-48.363
206.105,-49.8702
206.11,-49.8017
206.115,-50.7409
206.12,-52.5541
206.125,-54.4936
206.13,-56.231
206.135,-53.8994
206.14,-42.1597
206.145,-15.8829
206.15,32.6497
206.155,105.84
206.16,186.803
206.165,245.811
206.17,258.367
206.175,218.859
206.18,145.246
206.185,66.4623
206.19,5.28184
206.195,-31.8121
206.2,-49.354
206.205,-53.6566
206.21,-51.3352
206.215,-48.0341
206.22,-45.0516
206.225,-42.3359
206.23,-41.1263
206.235,-40.2575
206.24,-36.9128
206.245,-31.7122
206.25,-26.0429
206.255,-19.1243
206.26,-11.5463
206.265,-5.21515
206.27,0.620249
206.275,7.01551
206.28,12.719
206.285,17.9014
206.29,24.789
206.295,32.9407
206.3,41.1071
206.305,50.4631
206.31,61.2563
206.315,71.9123
206.32,82.9133
206.325,94.7357
206.33,104.878
206.335,113.017
206.34,121.372
206.345,129.4
206.35,136.178
206.355,142.7
206.36,147.944
206.365,149.151
206.37,146.527
206.375,141.378
206.38,132.647
206.385,120.111
206.39,105.232
206.395,87.7255
206.4,67.8419
206.405,48.5364
206.41,30.7743
206.415,13.4867
206.42,-1.75403
206.425,-13.8825
206.43,-24.5055
206.435,-33.6669
206.44,-40.6704
206.445,-47.0943
206.45,-53.1265
206.455,-56.5107
206.46,-57.4408
206.465,-57.9965
206.47,-57.3027
206.475,-55.0235
206.48,-53.4703
206.485,-52.6085
206.49,-50.7666
206.495,-49.1839
206.5,-48.5615
206.505,-46.8611
206.51,-44.7583
206.515,-44.4206
206.52,-44.4004
206.525,-43.2899
206.53,-42.4032
206.535,-41.6404
206.54,-39.6443
206.545,-37.8515
206.55,-37.5928
206.555,-37.528
206.56,-37.6152
206.565,-39.0612
206.57,-40.6102
206.575,-41.1656
206.58,-41.7787
206.585,-42.3669
206.59,-41.4979
206.595,-39.6047
206.6,-37.1758
206.605,-32.9767
206.61,-27.4894
206.615,-23.0103
206.62,-18.6761
206.625,-13.3216
206.63,-8.90619
206.635,-5.53388
206.64,-0.924634
206.645,4.34682
206.65,8.78413
206.655,12.1753
206.66,11.9545
206.665,4.4062
206.67,-9.08614
206.675,-24.3756
206.68,-39.2489
206.685,-51.0172
206.69,-57.374
206.695,-60.4702
206.7,-62.8456
206.705,-63.9081
206.71,-64.1492
206.715,-65.5062
206.72,-67.1765
206.725,-66.768
206.73,-62.3157
206.735,-50.1255
206.74,-21.7587
206.745,31.0615
206.75,107.097
206.755,189.867
206.76,250.564
206.765,261.704
206.77,217.865
206.775,140.398
206.78,57.7254
206.785,-8.32872
206.79,-48.5463
206.795,-67.024
206.8,-71.6324
206.805,-67.6441
206.81,-60.825
206.815,-56.1715
206.82,-53.61
206.825,-51.5547
206.83,-50.364
206.835,-49.0653
206.84,-45.9781
206.845,-42.3096
206.85,-38.7116
206.855,-33.701
206.86,-27.9221
206.865,-23.0383
206.87,-17.8614
206.875,-11.0458
206.88,-3.98351
206.885,3.40581
206.89,12.4959
206.895,21.596
206.9,29.3444
206.905,37.4631
206.91,46.0733
206.915,54.5495
206.92,64.574
206.925,76.4812
206.93,87.9333
206.935,98.4655
206.94,108.807
206.945,117.241
206.95,122.803
206.955,126.97
206.96,129.154
206.965,127.729
206.97,123.642
206.975,117.093
206.98,105.814
206.985,89.8488
206.99,71.272
206.995,50.187
207,27.5277
207.005,6.68875
207.01,-11.2004
207.015,-27.1664
207.02,-40.301
207.025,-50.3164
207.03,-59.5372
207.035,-68.0081
207.04,-73.9747
207.045,-78.3802
207.05,-81.776
207.055,-82.7646
207.06,-81.9963
207.065,-81.1724
207.07,-79.4584
207.075,-76.7878
207.08,-75.1491
207.085,-74.0715
207.09,-71.8707
207.095,-69.7147
207.1,-68.4766
207.105,-66.5837
207.11,-64.2342
207.115,-62.9399
207.12,-61.8242
207.125,-60.5022
207.13,-60.6497
207.135,-61.6304
207.14,-61.4629
207.145,-61.2406
207.15,-61.8578
207.155,-61.5219
207.16,-60.5467
207.165,-60.7479
207.17,-61.4096
207.175,-61.9303
207.18,-63.3116
207.185,-64.152
207.19,-62.1269
207.195,-58.6794
207.2,-55.2634
207.205,-50.761
207.21,-45.9258
207.215,-41.7454
207.22,-36.7897
207.225,-30.7356
207.23,-25.4633
207.235,-20.6685
207.24,-14.118
207.245,-7.41717
207.25,-4.00181
207.255,-4.75292
207.26,-10.7927
207.265,-22.9764
207.27,-37.749
207.275,-50.7832
207.28,-61.3224
207.285,-68.9903
207.29,-72.8646
207.295,-74.9521
207.3,-77.318
207.305,-78.9575
207.31,-80.0357
207.315,-82.4611
207.32,-84.1083
207.325,-80.3379
207.33,-68.7463
207.335,-41.8918
207.34,12.1775
207.345,93.358
207.35,182.435
207.355,250.29
207.36,269.262
207.365,229
207.37,149.739
207.375,63.4507
207.38,-7.71496
207.385,-54.2216
207.39,-76.3582
207.395,-82.519
207.4,-81.6594
207.405,-77.6443
207.41,-72.8999
207.415,-69.8497
207.42,-67.6259
207.425,-64.702
207.43,-62.1676
207.435,-59.8803
207.44,-55.7756
207.445,-50.3991
207.45,-45.4556
207.455,-40.0925
207.46,-34.1341
207.465,-28.7753
207.47,-22.6267
207.475,-14.307
207.48,-5.53094
207.485,2.94226
207.49,12.3838
207.495,22.0494
207.5,31.1338
207.505,41.1642
207.51,52.0173
207.515,62.1014
207.52,72.3311
207.525,83.401
207.53,93.568
207.535,102.538
207.54,111.609
207.545,119.262
207.55,123.626
207.555,125.54
207.56,124.818
207.565,119.742
207.57,110.979
207.575,99.279
207.58,83.4925
207.585,64.6553
207.59,45.4334
207.595,25.8008
207.6,5.39669
207.605,-13.7
207.61,-30.8614
207.615,-47.0042
207.62,-60.4868
207.625,-69.7689
207.63,-76.4593
207.635,-81.2429
207.64,-83.5064
207.645,-84.6844
207.65,-85.824
207.655,-85.5443
207.66,-84.1717
207.665,-83.4235
207.67,-82.1969
207.675,-79.3915
207.68,-76.6692
207.685,-74.3954
207.69,-71.4074
207.695,-68.6867
207.7,-67.0862
207.705,-65.0746
207.71,-62.7968
207.715,-61.8392
207.72,-61.0678
207.725,-59.3438
207.73,-58.274
207.735,-58.1516
207.74,-57.6892
207.745,-57.7938
207.75,-58.9783
207.755,-59.264
207.76,-58.724
207.765,-59.2662
207.77,-60.2211
207.775,-60.3635
207.78,-60.8851
207.785,-61.7362
207.79,-60.7806
207.795,-58.4136
207.8,-55.4965
207.805,-50.9805
207.81,-45.8227
207.815,-41.4864
207.82,-36.8963
207.825,-31.5416
207.83,-26.8061
207.835,-21.296
207.84,-12.6629
207.845,-3.9012
207.85,0.714904
207.855,0.142805
207.86,-7.04394
207.865,-21.1195
207.87,-37.8015
207.875,-52.4761
207.88,-63.922
207.885,-71.1426
207.89,-73.5285
207.895,-73.6402
207.9,-73.48
207.905,-72.3691
207.91,-71.3657
207.915,-72.4575
207.92,-73.0454
207.925,-68.8405
207.93,-57.9978
207.935,-33.288
207.94,17.3933
207.945,95.1944
207.95,182.157
207.955,249.368
207.96,268.785
207.965,229.737
207.97,152.229
207.975,67.7891
207.98,-1.97125
207.985,-47.4732
207.99,-69.0677
207.995,-75.3251
208,-74.6211
208.005,-70.5956
208.01,-65.9907
208.015,-62.9555
208.02,-60.2192
208.025,-56.4546
208.03,-53.0214
208.035,-49.5108
208.04,-44.0205
208.045,-37.8862
208.05,-32.5155
208.055,-26.561
208.06,-20.2909
208.065,-15.1656
208.07,-9.88391
208.075,-3.24516
208.08,3.34509
208.085,10.0295
208.09,18.0865
208.095,26.2575
208.1,33.8906
208.105,43.1065
208.11,54.1856
208.115,65.8552
208.12,79.0444
208.125,93.4295
208.13,105.838
208.135,115.766
208.14,124.75
208.145,131.56
208.15,135.19
208.155,137.005
208.16,136.446
208.165,131.422
208.17,122.617
208.175,110.498
208.18,93.8666
208.185,74.5037
208.19,55.2915
208.195,36.0257
208.2,16.7651
208.205,-0.410339
208.21,-15.5331
208.215,-29.9038
208.22,-42.3337
208.225,-51.8202
208.23,-59.9681
208.235,-66.872
208.24,-71.3685
208.245,-74.5471
208.25,-76.9882
208.255,-77.2323
208.26,-76.0146
208.265,-75.3286
208.27,-74.4097
208.275,-72.6554
208.28,-71.8838
208.285,-71.9821
208.29,-71.5493
208.295,-71.5984
208.3,-72.3753
208.305,-71.7278
208.31,-69.6067
208.315,-67.3068
208.32,-64.154
208.325,-60.4666
208.33,-58.7173
208.335,-58.5463
208.34,-58.0796
208.345,-58.1528
208.35,-58.9598
208.355,-58.7926
208.36,-58.4621
208.365,-59.5421
208.37,-60.5935
208.375,-60.6386
208.38,-61.269
208.385,-62.4807
208.39,-63.1367
208.395,-64.3579
208.4,-65.9175
208.405,-64.877
208.41,-61.4478
208.415,-57.7919
208.42,-53.3902
208.425,-48.0123
208.43,-43.4844
208.435,-39.7297
208.44,-35.2392
208.445,-30.4536
208.45,-25.1457
208.455,-18.6559
208.46,-13.6388
208.465,-13.2653
208.47,-17.7675
208.475,-26.7753
208.48,-40.0262
208.485,-54.1052
208.49,-64.7601
208.495,-71.9739
208.5,-76.5739
208.505,-78.0187
208.51,-77.9185
208.515,-78.6532
208.52,-79.6768
208.525,-81.016
208.53,-84.2238
208.535,-86.3462
208.54,-81.7819
208.545,-67.0631
208.55,-33.5832
208.555,29.8555
208.56,118.388
208.565,205.492
208.57,259.667
208.575,257.321
208.58,199.667
208.585,114.786
208.59,33.651
208.595,-27.0413
208.6,-63.5597
208.605,-79.1887
208.61,-82.7578
208.615,-82.4913
208.62,-80.545
208.625,-77.6861
208.63,-76.0281
208.635,-74.8775
208.64,-72.0748
208.645,-68.125
208.65,-63.6145
208.655,-57.4707
208.66,-50.487
208.665,-44.1576
208.67,-37.1985
208.675,-28.996
208.68,-21.2253
208.685,-13.7245
208.69,-5.34456
208.695,2.47719
208.7,9.5912
208.705,18.0823
208.71,27.647
208.715,37.0206
208.72,47.7716
208.725,60.4755
208.73,73.1725
208.735,85.6207
208.74,98.4929
208.745,110.021
208.75,119.126
208.755,126.775
208.76,132.255
208.765,134.475
208.77,134.738
208.775,133.026
208.78,127.005
208.785,116.933
208.79,104.227
208.795,88.1384
208.8,69.1396
208.805,49.7442
208.81,30.5149
208.815,11.6102
208.82,-4.88404
208.825,-18.4925
208.83,-30.9013
208.835,-41.5362
208.84,-49.2819
208.845,-55.9011
208.85,-61.8562
208.855,-65.4569
208.86,-67.7305
208.865,-69.9597
208.87,-70.4009
208.875,-68.4049
208.88,-65.6762
208.885,-62.315
208.89,-58.0409
208.895,-54.9312
208.9,-53.8497
208.905,-52.7755
208.91,-51.4648
208.915,-50.9888
208.92,-49.9743
208.925,-48.1352
208.93,-47.5479
208.935,-47.6962
208.94,-46.8899
208.945,-46.0692
208.95,-45.283
208.955,-43.0333
208.96,-40.4166
208.965,-39.1362
208.97,-38.3887
208.975,-38.2755
208.98,-40.3463
208.985,-43.0418
208.99,-44.0877
208.995,-44.5372
209,-45.2683
209.005,-45.5149
209.01,-46.4011
209.015,-48.4136
209.02,-48.42
209.025,-44.7867
209.03,-39.9119
209.035,-34.7261
209.04,-28.8138
209.045,-23.7141
209.05,-19.4742
209.055,-14.9856
209.06,-10.9948
209.065,-7.54919
209.07,-2.34814
209.075,4.56035
209.08,9.59502
209.085,11.2787
209.09,9.16754
209.095,0.914549
209.1,-11.8807
209.105,-24.2943
209.11,-34.2339
209.115,-41.8921
209.12,-46.1752
209.125,-47.7428
209.13,-49.4198
209.135,-51.3461
209.14,-52.7387
209.145,-54.93
209.15,-57.7746
209.155,-57.838
209.16,-52.8297
209.165,-39.6426
209.17,-7.79133
209.175,51.286
209.18,131.26
209.185,210.49
209.19,260.799
209.195,258.249
209.2,203.926
209.205,123.606
209.21,44.436
209.215,-16.6308
209.22,-52.7205
209.225,-67.5892
209.23,-70.4402
209.235,-67.5851
209.24,-62.6875
209.245,-59.2556
209.25,-57.7447
209.255,-56.03
209.26,-54.1493
209.265,-52.4629
209.27,-48.9455
209.275,-43.3084
209.28,-37.6255
209.285,-32.142
209.29,-26.4046
209.295,-22.0485
209.3,-19.3986
209.305,-15.8647
209.31,-10.8592
209.315,-5.68488
209.32,0.509977
209.325,8.51691
209.33,17.1914
209.335,26.8818
209.34,38.6055
209.345,50.778
209.35,62.1925
209.355,74.1929
209.36,85.9353
209.365,96.0148
209.37,105.984
209.375,115.999
209.38,123.74
209.385,128.741
209.39,131.582
209.395,130.703
209.4,125.555
209.405,117.774
209.41,106.873
209.415,91.3194
209.42,73.0249
209.425,54.1398
209.43,34.3078
209.435,14.9199
209.44,-1.98112
209.445,-17.4493
209.45,-31.9383
209.455,-42.9198
209.46,-50.7797
209.465,-57.9006
209.47,-63.4793
209.475,-66.6932
209.48,-69.1497
209.485,-70.8683
209.49,-70.5704
209.495,-69.859
209.5,-69.9643
209.505,-69.4332
209.51,-68.4289
209.515,-68.2905
209.52,-67.6728
209.525,-65.9981
209.53,-65.2347
209.535,-65.1354
209.54,-64.1374
209.545,-63.3281
209.55,-63.3838
209.555,-62.4329
209.56,-60.7918
209.565,-60.4007
209.57,-60.2585
209.575,-59.363
209.58,-58.956
209.585,-58.7365
209.59,-57.7981
209.595,-57.7842
209.6,-59.329
209.605,-60.469
209.61,-61.0432
209.615,-61.8988
209.62,-61.6914
209.625,-60.4454
209.63,-60.5338
209.635,-61.3847
209.64,-60.6928
209.645,-58.8417
209.65,-56.2604
209.655,-52.0173
209.66,-47.0035
209.665,-42.6492
209.67,-37.3541
209.675,-30.8362
209.68,-25.521
209.685,-20.8025
209.69,-14.6402
209.695,-8.83284
209.7,-5.13968
209.705,-3.27438
209.71,-4.39291
209.715,-10.3709
209.72,-19.9753
209.725,-30.8112
209.73,-42.2385
209.735,-52.3291
209.74,-58.677
209.745,-62.5958
209.75,-65.6746
209.755,-67.1709
209.76,-67.8721
209.765,-69.492
209.77,-71.0225
209.775,-70.7444
209.78,-67.2392
209.785,-55.3143
209.79,-23.9714
209.795,35.6985
209.8,120.719
209.805,210.249
209.81,271.713
209.815,277.783
209.82,227.587
209.825,145.758
209.83,61.0257
209.835,-5.87732
209.84,-47.3419
209.845,-68.2774
209.85,-76.7767
209.855,-77.8487
209.86,-75.7809
209.865,-73.6889
209.87,-71.1539
209.875,-67.7591
209.88,-64.6322
209.885,-60.9475
209.89,-55.9954
209.895,-51.7023
209.9,-48.3032
209.905,-43.3575
209.91,-36.9237
209.915,-30.0335
209.92,-21.253
209.925,-11.0141
209.93,-2.61149
209.935,3.76189
209.94,10.1357
209.945,16.5386
209.95,23.6959
209.955,34.0765
209.96,47.0459
209.965,59.7937
209.97,72.2134
209.975,84.4504
209.98,95.5685
209.985,106.62
209.99,118.265
209.995,128.58
210,137.034
210.005,144.107
210.01,148.026
210.015,147.081
210.02,142.459
210.025,134.343
210.03,121.506
210.035,104.747
210.04,85.5176
210.045,63.648
210.05,40.6131
210.055,19.8598
210.06,1.62599
210.065,-15.069
210.07,-28.8062
210.075,-39.1101
210.08,-47.6767
210.085,-53.8901
210.09,-56.8675
210.095,-59.0963
210.1,-61.6186
210.105,-62.9972
210.11,-63.9208
210.115,-65.5614
210.12,-66.2935
210.125,-65.7089
210.13,-65.214
210.135,-64.0079
210.14,-61.3195
210.145,-58.9226
210.15,-56.9265
210.155,-53.6017
210.16,-50.0585
210.165,-47.9339
210.17,-46.0143
210.175,-43.9881
210.18,-43.1741
210.185,-42.6112
210.19,-41.2681
210.195,-40.7648
210.2,-41.3179
210.205,-40.9493
210.21,-39.8262
210.215,-39.2163
210.22,-38.2717
210.225,-37.1598
210.23,-37.5065
210.235,-38.4099
210.24,-38.6058
210.245,-39.6886
210.25,-41.7473
210.255,-42.7688
210.26,-43.2434
210.265,-44.5058
210.27,-44.9448
210.275,-43.7346
210.28,-42.0845
210.285,-39.4791
210.29,-35.1281
210.295,-30.363
210.3,-25.0465
210.305,-17.9864
210.31,-10.7874
210.315,-4.79933
210.32,1.97452
210.325,9.51874
210.33,14.5668
210.335,16.2506
210.34,15.2235
210.345,9.66894
210.35,-0.274135
210.355,-10.9283
210.36,-21.1145
210.365,-30.861
210.37,-37.902
210.375,-41.7903
210.38,-44.549
210.385,-46.2009
210.39,-46.5937
210.395,-48.444
210.4,-52.3999
210.405,-54.317
210.41,-50.4779
210.415,-37.2844
210.42,-4.21825
210.425,56.4475
210.43,138.268
210.435,220.339
210.44,274.029
210.445,273.849
210.45,219.419
210.455,136.889
210.46,54.7171
210.465,-9.13596
210.47,-47.2236
210.475,-63.4189
210.48,-67.5165
210.485,-65.5459
210.49,-60.5008
210.495,-55.9957
210.5,-53.0929
210.505,-50.1346
210.51,-47.3796
210.515,-45.2132
210.52,-41.5494
210.525,-36.2209
210.53,-31.3714
210.535,-26.6865
210.54,-21.448
210.545,-17.2126
210.55,-13.5408
210.555,-7.92076
210.56,-0.656065
210.565,6.93024
210.57,15.681
210.575,25.2504
210.58,33.8239
210.585,42.5151
210.59,52.9857
210.595,63.9054
210.6,74.7948
210.605,86.7274
210.61,98.2685
210.615,108.225
210.62,118.041
210.625,127.369
210.63,134.082
210.635,138.618
210.64,141.391
210.645,139.938
210.65,133.403
210.655,123.422
210.66,109.967
210.665,93.0983
210.67,75.0925
210.675,56.765
210.68,37.6919
210.685,19.789
210.69,4.56106
210.695,-9.46551
210.7,-22.782
210.705,-34.2871
210.71,-44.5968
210.715,-53.9516
210.72,-60.4446
210.725,-64.4694
210.73,-67.9323
210.735,-69.9653
210.74,-69.8379
210.745,-69.5969
210.75,-69.6828
210.755,-68.2778
210.76,-65.8891
210.765,-64.1452
210.77,-62.577
210.775,-61.2459
210.78,-61.3147
210.785,-61.4051
210.79,-60.1038
210.795,-58.9166
210.8,-58.0292
210.805,-55.9912
210.81,-53.8631
210.815,-53.0385
210.82,-52.0608
210.825,-51.0567
210.83,-51.5476
210.835,-52.1894
210.84,-51.6358
210.845,-51.3923
210.85,-51.5597
210.855,-50.484
210.86,-49.0348
210.865,-48.4723
210.87,-47.5421
210.875,-46.6113
210.88,-47.6951
210.885,-49.8521
210.89,-51.4609
210.895,-53.3831
210.9,-54.9819
210.905,-54.1461
210.91,-51.6451
210.915,-48.7021
210.92,-43.8589
210.925,-37.2558
210.93,-30.9353
210.935,-25.1581
210.94,-19.3547
210.945,-13.7108
210.95,-7.50247
210.955,-0.488398
210.96,4.12205
210.965,3.85072
210.97,-0.336966
210.975,-8.79614
210.98,-21.6552
210.985,-35.2269
210.99,-46.178
210.995,-54.6332
211,-60.2483
211.005,-62.0585
211.01,-62.105
211.015,-62.55
211.02,-62.899
211.025,-63.8666
211.03,-66.5828
211.035,-66.8811
211.04,-59.6067
211.045,-39.6347
211.05,4.24581
211.055,78.5744
211.06,170.607
211.065,250.872
211.07,289.258
211.075,267.629
211.08,195.957
211.085,105.712
211.09,25.7456
211.095,-31.1478
211.1,-63.6352
211.105,-76.1593
211.11,-77.361
211.115,-74.4378
211.12,-69.9089
211.125,-65.7944
211.13,-63.9591
211.135,-62.7141
211.14,-60.1715
211.145,-57.3702
211.15,-54.3594
211.155,-49.7204
211.16,-44.2506
211.165,-38.7296
211.17,-31.7474
211.175,-23.7521
211.18,-16.6525
211.185,-9.67406
211.19,-1.85706
211.195,5.66583
211.2,13.3655
211.205,22.8256
211.21,32.753
211.215,42.0519
211.22,52.285
211.225,63.2427
211.23,73.5324
211.235,84.3474
211.24,96.4371
211.245,107.793
211.25,117.671
211.255,126.584
211.26,132.776
211.265,135.104
211.27,135.064
211.275,132.417
211.28,125.455
211.285,115.076
211.29,101.998
211.295,85.1158
211.3,65.6392
211.305,46.2017
211.31,26.5429
211.315,6.41513
211.32,-11.2666
211.325,-26.2167
211.33,-40.5152
211.335,-53.369
211.34,-63.8694
211.345,-73.2887
211.35,-80.774
211.355,-84.039
211.36,-83.7832
211.365,-82.0426
211.37,-80.4176
211.375,-80.0542
211.38,-80.8188
211.385,-80.6677
211.39,-77.6246
211.395,-73.4521
211.4,-70.552
211.405,-68.843
211.41,-68.0948
211.415,-66.3511
211.42,-61.3271
211.425,-56.2918
211.43,-55.5159
211.435,-57.7298
211.44,-59.5386
211.445,-61.0027
211.45,-61.5635
211.455,-58.3176
211.46,-53.5797
211.465,-51.9622
211.47,-53.1898
211.475,-54.8077
211.48,-55.7396
211.485,-55.6693
211.49,-55.5102
211.495,-56.1907
211.5,-57.5424
211.505,-58.4242
211.51,-59.383
211.515,-60.6021
211.52,-59.3305
211.525,-54.7058
211.53,-49.0541
211.535,-43.561
211.54,-38.3233
211.545,-34.7506
211.55,-32.5559
211.555,-28.9165
211.56,-22.9541
211.565,-15.5447
211.57,-7.44537
211.575,-1.10971
211.58,-0.161233
211.585,-3.72176
211.59,-10.1007
211.595,-20.2127
211.6,-33.0585
211.605,-45.3989
211.61,-55.8453
211.615,-64.0552
211.62,-68.521
211.625,-69.421
211.63,-69.2703
211.635,-68.6917
211.64,-68.1297
211.645,-70.4051
211.65,-73.9789
211.655,-71.6972
211.66,-57.6441
211.665,-23.5714
211.67,39.6229
211.675,126.435
211.68,210.631
211.685,261.352
211.69,256.847
211.695,198.603
211.7,113.345
211.705,32.1853
211.71,-27.732
211.715,-63.3223
211.72,-78.1206
211.725,-79.6798
211.73,-76.5131
211.735,-72.2297
211.74,-67.1534
211.745,-63.1787
211.75,-60.9138
211.755,-58.6058
211.76,-56.6907
211.765,-55.3264
211.77,-51.8394
211.775,-45.776
211.78,-39.5647
211.785,-33.8118
211.79,-27.342
211.795,-21.035
211.8,-15.1641
211.805,-8.14259
211.81,-0.26416
211.815,7.62197
211.82,16.988
211.825,28.224
211.83,39.3022
211.835,50.0753
211.84,61.339
211.845,71.7748
211.85,81.1653
211.855,91.0765
211.86,100.916
211.865,109.491
211.87,117.66
211.875,124.658
211.88,127.926
211.885,127.694
211.89,125.165
211.895,119.119
211.9,109.265
211.905,96.9156
211.91,81.2592
211.915,61.9585
211.92,41.9245
211.925,22.4463
211.93,2.63139
211.935,-15.9929
211.94,-31.7482
211.945,-45.4737
211.95,-57.0006
211.955,-65.3806
211.96,-72.079
211.965,-78.1881
211.97,-82.1205
211.975,-83.969
211.98,-85.7511
211.985,-86.5718
211.99,-85.0796
211.995,-82.889
212,-80.8479
212.005,-77.9767
212.01,-75.3131
212.015,-73.9755
212.02,-72.4573
212.025,-70.5187
212.03,-69.4479
212.035,-67.7555
212.04,-64.4443
212.045,-61.8427
212.05,-60.7931
212.055,-59.8402
212.06,-59.8069
212.065,-61.3159
212.07,-62.3735
212.075,-62.733
212.08,-63.835
212.085,-64.5001
212.09,-63.728
212.095,-63.217
212.1,-63.1001
212.105,-61.648
212.11,-59.3679
212.115,-57.4231
212.12,-54.4382
212.125,-50.8236
212.13,-48.153
212.135,-45.003
212.14,-40.3289
212.145,-35.7442
212.15,-31.0921
212.155,-24.5742
212.16,-17.7059
212.165,-12.9103
212.17,-11.0267
212.175,-14.6678
212.18,-25.8308
212.185,-40.7104
212.19,-54.2146
212.195,-64.7773
212.2,-71.827
212.205,-74.9769
212.21,-76.6184
212.215,-78.7163
212.22,-80.2086
212.225,-81.1319
212.23,-83.0803
212.235,-84.8102
212.24,-83.0198
212.245,-75.5597
212.25,-57.1957
212.255,-16.6274
212.26,52.7538
212.265,141.484
212.27,223.873
212.275,268.715
212.28,254.398
212.285,189.27
212.29,103.308
212.295,23.7471
212.3,-33.438
212.305,-64.3777
212.31,-76.378
212.315,-78.5515
212.32,-75.1472
212.325,-69.5814
212.33,-65.7311
212.335,-63.2422
212.34,-59.9263
212.345,-56.1011
212.35,-51.4838
212.355,-44.8529
212.36,-37.5306
212.365,-30.6902
212.37,-23.1776
212.375,-15.664
212.38,-10.0476
212.385,-4.96557
212.39,1.2939
212.395,7.46659
212.4,13.7179
212.405,21.8888
212.41,30.8899
212.415,39.8365
212.42,50.6737
212.425,63.3965
212.43,75.6265
212.435,87.8961
212.44,100.859
212.445,112.457
212.45,122.552
212.455,132.813
212.46,141.953
212.465,147.883
212.47,151.131
212.475,151.501
212.48,147.494
212.485,139.796
212.49,129.239
212.495,114.372
212.5,96.0957
212.505,76.9184
212.51,56.5139
212.515,35.158
212.52,16.0869
212.525,0.403624
212.53,-13.1881
212.535,-24.4636
212.54,-33.4722
212.545,-42.1417
212.55,-49.9462
212.555,-54.6092
212.56,-57.0998
212.565,-58.5509
212.57,-58.384
212.575,-58.0666
212.58,-58.8859
212.585,-58.8095
212.59,-57.0318
212.595,-55.7023
212.6,-54.721
212.605,-52.6074
212.61,-50.5786
212.615,-49.2679
212.62,-46.8481
212.625,-43.9508
212.63,-42.6121
212.635,-41.6237
212.64,-39.718
212.645,-38.4923
212.65,-38.3989
212.655,-37.9918
212.66,-37.6225
212.665,-37.5527
212.67,-36.0381
212.675,-33.0373
212.68,-30.4385
212.685,-27.8937
212.69,-24.3458
212.695,-20.9376
212.7,-17.4905
212.705,-12.9571
212.71,-9.16547
212.715,-6.79133
212.72,-3.08465
212.725,2.02698
212.73,5.88536
212.735,7.49971
212.74,5.55903
212.745,-2.54362
212.75,-14.9389
212.755,-27.3463
212.76,-38.4109
212.765,-47.2427
212.77,-52.3801
212.775,-55.1126
212.78,-57.9137
212.785,-60.4845
212.79,-62.6645
212.795,-66.4324
212.8,-71.342
212.805,-74.0699
212.81,-72.3988
212.815,-63.5118
212.82,-39.2784
212.825,9.3203
212.83,82.2627
212.835,164.282
212.84,227.736
212.845,245.345
212.85,209.099
212.855,138.55
212.86,61.0276
212.865,-3.32977
212.87,-44.5499
212.875,-64.5693
212.88,-71.3425
212.885,-70.5837
212.89,-66.3154
212.895,-62.6175
212.9,-60.3335
212.905,-58.0106
212.91,-56.1467
212.915,-54.4158
212.92,-50.5356
212.925,-45.3228
212.93,-40.8309
212.935,-36.2351
212.94,-30.7909
212.945,-26.0195
212.95,-21.9133
212.955,-17.4738
212.96,-13.6919
212.965,-10.3998
212.97,-4.66566
212.975,4.46249
212.98,15.1975
212.985,27.2927
212.99,40.5243
212.995,53.1023
213,65.3948
213.005,78.3483
213.01,90.1244
213.015,99.9357
213.02,109.347
213.025,117.863
213.03,123.725
213.035,127.531
213.04,128.847
213.045,125.263
213.05,117.033
213.055,105.995
213.06,91.2681
213.065,72.5156
213.07,52.5122
213.075,32.3384
213.08,11.8345
213.085,-6.59531
213.09,-21.6995
213.095,-35.6047
213.1,-47.9662
213.105,-56.7553
213.11,-63.1762
213.115,-68.5664
213.12,-72.0374
213.125,-74.1629
213.13,-76.5921
213.135,-78.4513
213.14,-78.8488
213.145,-79.0406
213.15,-78.8375
213.155,-77.1517
213.16,-75.6639
213.165,-75.2036
213.17,-74.0163
213.175,-72.4564
213.18,-71.7759
213.185,-70.5714
213.19,-68.3639
213.195,-66.8217
213.2,-65.4755
213.205,-63.0196
213.21,-60.8815
213.215,-60.1327
213.22,-59.3268
213.225,-58.5858
213.23,-59.1957
213.235,-59.2778
213.24,-56.8531
213.245,-53.7775
213.25,-50.5982
213.255,-46.3241
213.26,-42.8517
213.265,-41.0449
213.27,-38.413
213.275,-34.6871
213.28,-31.5382
213.285,-27.1628
213.29,-19.7664
213.295,-12.4602
213.3,-8.43857
213.305,-8.60379
213.31,-15.4846
213.315,-29.1039
213.32,-44.2227
213.325,-57.2035
213.33,-67.4792
213.335,-73.7438
213.34,-76.0849
213.345,-77.9281
213.35,-80.6931
213.355,-82.6688
213.36,-84.209
213.365,-86.5692
213.37,-88.2208
213.375,-86.8524
213.38,-80.6449
213.385,-61.771
213.39,-18.0082
213.395,53.3879
213.4,140.033
213.405,217.001
213.41,255.218
213.415,236.243
213.42,170.878
213.425,87.2
213.43,10.2436
213.435,-44.3531
213.44,-73.2237
213.445,-83.8424
213.45,-84.8591
213.455,-81.0668
213.46,-76.6294
213.465,-74.0586
213.47,-71.8231
213.475,-68.9405
213.48,-66.1481
213.485,-62.3749
213.49,-56.8002
213.495,-51.0517
213.5,-45.7423
213.505,-39.706
213.51,-33.7193
213.515,-28.4445
213.52,-22.0547
213.525,-14.5745
213.53,-7.68436
213.535,-0.356394
213.54,8.38919
213.545,17.0712
213.55,25.7203
213.555,35.8644
213.56,46.5616
213.565,56.819
213.57,68.3189
213.575,81.0317
213.58,92.6678
213.585,103.531
213.59,114.123
213.595,122.154
213.6,127.033
213.605,130.053
213.61,129.833
213.615,124.771
213.62,115.95
213.625,103.564
213.63,86.8012
213.635,67.6596
213.64,48.4074
213.645,28.3801
213.65,8.01364
213.655,-10.2466
213.66,-26.2731
213.665,-40.5382
213.67,-51.5745
213.675,-59.4356
213.68,-66.2535
213.685,-71.8803
213.69,-75.653
213.695,-79.1297
213.7,-82.1681
213.705,-83.3836
213.71,-83.6463
213.715,-83.7023
213.72,-82.3986
213.725,-80.3606
213.73,-79.3725
213.735,-78.204
213.74,-75.6244
213.745,-73.2209
213.75,-71.3617
213.755,-68.91
213.76,-67.1859
213.765,-67.1272
213.77,-66.9171
213.775,-66.2493
213.78,-66.4306
213.785,-66.3098
213.79,-65.0337
213.795,-64.7225
213.8,-65.5387
213.805,-65.2205
213.81,-63.7074
213.815,-61.8104
213.82,-58.2775
213.825,-53.2842
213.83,-48.9192
213.835,-44.1493
213.84,-37.8387
213.845,-32.4032
213.85,-28.2982
213.855,-22.9872
213.86,-16.9342
213.865,-12.3965
213.87,-9.90633
213.875,-11.3367
213.88,-19.676
213.885,-33.0048
213.89,-46.99
213.895,-59.7462
213.9,-69.4537
213.905,-74.4911
213.91,-76.7888
213.915,-78.616
213.92,-79.5327
213.925,-80.3389
213.93,-83.059
213.935,-86.6109
213.94,-89.1752
213.945,-89.9689
213.95,-85.3913
213.955,-66.1262
213.96,-20.8879
213.965,54.2503
213.97,147.033
213.975,227.871
213.98,265.165
213.985,243.469
213.99,175.323
213.995,88.7674
214,10.7117
214.005,-43.3314
214.01,-72.819
214.015,-84.6783
214.02,-85.4185
214.025,-81.4412
214.03,-77.7575
214.035,-74.3381
214.04,-70.1695
214.045,-66.8477
214.05,-64.1306
214.055,-60.02
214.06,-55.3391
214.065,-51.0782
214.07,-45.7338
214.075,-39.2045
214.08,-32.9113
214.085,-25.871
214.09,-17.4697
214.095,-9.97811
214.1,-3.55901
214.105,3.63335
214.11,11.1352
214.115,18.5048
214.12,27.566
214.125,38.2938
214.13,49.2338
214.135,61.1986
214.14,74.4844
214.145,87.0784
214.15,98.6867
214.155,110.14
214.16,119.452
214.165,125.124
214.17,128.646
214.175,130.009
214.18,127.782
214.185,122.636
214.19,114.696
214.195,102.007
214.2,85.3099
214.205,67.1917
214.21,47.8091
214.215,27.6028
214.22,8.9098
214.225,-8.27514
214.23,-25.2339
214.235,-40.1642
214.24,-51.5624
214.245,-60.7306
214.25,-67.6995
214.255,-71.6183
214.26,-74.2328
214.265,-76.7717
214.27,-77.6866
214.275,-77.2514
214.28,-77.2234
214.285,-76.5351
214.29,-74.5248
214.295,-73.1384
214.3,-72.18
214.305,-69.7542
214.31,-66.8537
214.315,-64.8071
214.32,-62.4995
214.325,-60.3819
214.33,-59.8356
214.335,-59.1158
214.34,-56.9839
214.345,-55.0998
214.35,-53.7704
214.355,-52.0374
214.36,-51.4561
214.365,-52.9818
214.37,-54.3749
214.375,-54.9414
214.38,-55.7661
214.385,-55.3326
214.39,-52.5188
214.395,-48.8659
214.4,-44.4538
214.405,-38.8653
214.41,-33.6128
214.415,-29.2543
214.42,-24.3257
214.425,-18.9004
214.43,-13.3772
214.435,-6.06345
214.44,2.25404
214.445,7.20548
214.45,6.355
214.455,-0.593223
214.46,-13.5585
214.465,-29.5556
214.47,-43.3483
214.475,-52.913
214.48,-59.441
214.485,-62.8379
214.49,-63.8516
214.495,-65.5144
214.5,-68.1804
214.505,-70.4424
214.51,-73.5646
214.515,-77.9753
214.52,-79.1837
214.525,-73.5484
214.53,-56.2684
214.535,-14.9408
214.54,57.5468
214.545,148.327
214.55,229.105
214.555,270.899
214.56,254.469
214.565,188.13
214.57,101.772
214.575,22.6069
214.58,-35.2521
214.585,-67.8656
214.59,-79.9605
214.595,-81.1281
214.6,-77.8358
214.605,-72.6413
214.61,-68.5438
214.615,-66.4896
214.62,-64.3853
214.625,-61.9129
214.63,-59.957
214.635,-56.9748
214.64,-52.179
214.645,-47.4768
214.65,-42.8747
214.655,-37.04
214.66,-30.7149
214.665,-23.9473
214.67,-15.1581
214.675,-5.28502
214.68,3.57338
214.685,12.5578
214.69,22.8331
214.695,33.2193
214.7,44.1422
214.705,56.9791
214.71,70.2199
214.715,82.3285
214.72,94.0677
214.725,105.103
214.73,114.38
214.735,123.147
214.74,131.487
214.745,136.821
214.75,138.841
214.755,138.905
214.76,135.77
214.765,128.117
214.77,117.007
214.775,102.367
214.78,83.873
214.785,63.8806
214.79,44.0133
214.795,23.6764
214.8,4.33015
214.805,-11.692
214.81,-25.1525
214.815,-36.683
214.82,-45.0362
214.825,-50.847
214.83,-55.7465
214.835,-58.8393
214.84,-59.7508
214.845,-60.4879
214.85,-60.7642
214.855,-59.3226
214.86,-57.7408
214.865,-56.8996
214.87,-55.4885
214.875,-54.1422
214.88,-54.0144
214.885,-53.229
214.89,-50.7658
214.895,-48.7204
214.9,-47.582
214.905,-46.3556
214.91,-46.1062
214.915,-47.0741
214.92,-47.5038
214.925,-47.9104
214.93,-49.5842
214.935,-50.7541
214.94,-50.4416
214.945,-50.432
214.95,-50.5503
214.955,-49.5719
214.96,-48.8314
214.965,-48.3482
214.97,-46.4648
214.975,-43.8048
214.98,-41.3961
214.985,-37.8929
214.99,-32.2721
214.995,-26.2317
215,-21.0693
215.005,-15.5583
215.01,-9.33184
215.015,-2.83498
215.02,4.17098
215.025,9.46352
215.03,9.29926
215.035,3.14402
215.04,-7.50922
215.045,-21.5915
215.05,-36.1494
215.055,-47.2613
215.06,-54.8983
215.065,-60.7315
215.07,-64.3261
215.075,-66.543
215.08,-69.2421
215.085,-71.4112
215.09,-72.1493
215.095,-72.988
215.1,-72.4371
215.105,-65.6815
215.11,-47.9759
215.115,-9.66338
215.12,59.2184
215.125,151.449
215.13,238.464
215.135,288.998
215.14,282.051
215.145,220.65
215.15,132.551
215.155,49.1938
215.16,-12.4956
215.165,-49.7682
215.17,-66.3868
215.175,-70.0561
215.18,-68.6665
215.185,-65.1661
215.19,-60.5999
215.195,-57.2993
215.2,-54.9704
215.205,-51.2969
215.21,-46.8366
215.215,-42.6614
215.22,-37.0744
215.225,-30.0305
215.23,-23.5697
215.235,-17.2611
215.24,-10.3578
215.245,-4.33881
215.25,1.12771
215.255,8.47342
215.26,17.3522
215.265,26.4205
215.27,36.3314
215.275,46.6969
215.28,56.1757
215.285,66.0459
215.29,77.5709
215.295,89.3071
215.3,100.852
215.305,113.34
215.31,125.152
215.315,134.274
215.32,141.329
215.325,146.029
215.33,147.069
215.335,145.314
215.34,141.481
215.345,133.737
215.35,122.018
215.355,108.217
215.36,91.8919
215.365,72.678
215.37,52.9934
215.375,34.1334
215.38,15.9879
215.385,0.329076
215.39,-11.9854
215.395,-22.9326
215.4,-32.8212
215.405,-40.2469
215.41,-46.1297
215.415,-51.3285
215.42,-54.3165
215.425,-55.2185
215.43,-55.859
215.435,-55.9454
215.44,-55.0538
215.445,-54.8333
215.45,-55.186
215.455,-54.4288
215.46,-53.1582
215.465,-51.9696
215.47,-49.4631
215.475,-46.3365
215.48,-44.8933
215.485,-44.287
215.49,-43.313
215.495,-43.0091
215.5,-43.0657
215.505,-41.8877
215.51,-40.4284
215.515,-40.2252
215.52,-40.0627
215.525,-39.6598
215.53,-40.4274
215.535,-41.2909
215.54,-41.0826
215.545,-40.8003
215.55,-39.4332
215.555,-35.2148
215.56,-29.5356
215.565,-24.3067
215.57,-18.9265
215.575,-13.513
215.58,-9.6923
215.585,-6.5374
215.59,-2.10845
215.595,3.32699
215.6,9.69307
215.605,16.5814
215.61,19.8997
215.615,16.2804
215.62,6.62989
215.625,-6.98647
215.63,-22.386
215.635,-35.1699
215.64,-42.7849
215.645,-46.951
215.65,-49.2662
215.655,-49.956
215.66,-51.0329
215.665,-53.4613
215.67,-55.5565
215.675,-57.5087
215.68,-59.5201
215.685,-57.2307
215.69,-45.5587
215.695,-17.48
215.7,37.8394
215.705,121.452
215.71,211.795
215.715,276.603
215.72,290.107
215.725,246.275
215.73,165.357
215.735,79.1976
215.74,10.9839
215.745,-32.7128
215.75,-54.3365
215.755,-59.6084
215.76,-56.8847
215.765,-52.1633
215.77,-46.7305
215.775,-42.0679
215.78,-39.8489
215.785,-38.2276
215.79,-35.318
215.795,-32.4084
215.8,-29.4139
215.805,-24.3279
215.81,-17.8999
215.815,-11.4627
215.82,-4.17405
215.825,3.37576
215.83,9.58669
215.835,15.8482
215.84,23.2723
215.845,30.5573
215.85,38.416
215.855,48.88
215.86,60.7401
215.865,72.2702
215.87,84.2631
215.875,96.4417
215.88,107.499
215.885,118.272
215.89,129.108
215.895,138.431
215.9,146.507
215.905,154.227
215.91,159.787
215.915,161.678
215.92,160.672
215.925,155.925
215.93,145.565
215.935,130.569
215.94,112.343
215.945,90.8346
215.95,68.1306
215.955,47.4518
215.96,28.6918
215.965,11.2219
215.97,-3.52819
215.975,-15.7651
215.98,-26.7351
215.985,-35.0989
215.99,-40.2956
215.995,-44.4158
216,-47.7155
216.005,-49.115
216.01,-50.0776
216.015,-51.5358
216.02,-51.8443
216.025,-51.021
216.03,-50.4586
216.035,-49.2866
216.04,-46.9888
216.045,-45.3734
216.05,-44.3973
216.055,-42.6227
216.06,-41.1725
216.065,-40.851
216.07,-40.1269
216.075,-39.1748
216.08,-39.2274
216.085,-39.031
216.09,-38.0424
216.095,-38.2072
216.1,-39.1976
216.105,-39.1126
216.11,-39.0172
216.115,-39.8818
216.12,-40.148
216.125,-39.8669
216.13,-40.3112
216.135,-40.279
216.14,-38.683
216.145,-36.8242
216.15,-34.286
216.155,-29.6208
216.16,-24.8108
216.165,-20.7346
216.17,-15.6014
216.175,-10.191
216.18,-5.83346
216.185,-0.477204
216.19,6.87663
216.195,13.3119
216.2,16.9955
216.205,17.2754
216.21,11.0388
216.215,-2.03122
216.22,-17.051
216.225,-30.6328
216.23,-42.013
216.235,-49.3684
216.24,-52.5147
216.245,-53.9513
216.25,-54.5534
216.255,-54.2978
216.26,-55.2219
216.265,-58.299
216.27,-61.3927
216.275,-61.7451
216.28,-56.3923
216.285,-37.4223
216.29,6.88111
216.295,80.5577
216.3,172.744
216.305,256.353
216.31,298.796
216.315,280.707
216.32,213.39
216.325,126.118
216.33,45.6604
216.335,-11.704
216.34,-43.3949
216.345,-56.8747
216.35,-59.2695
216.355,-55.1684
216.36,-50.1197
216.365,-46.9467
216.37,-44.1985
216.375,-41.4437
216.38,-39.1985
216.385,-35.6505
216.39,-29.9868
216.395,-24.0734
216.4,-17.8534
216.405,-10.5913
216.41,-4.08612
216.415,0.963447
216.42,6.33154
216.425,12.2538
216.43,17.9037
216.435,24.8962
216.44,34.0842
216.445,43.8311
216.45,54.493
216.455,67.2867
216.46,80.2634
216.465,92.1706
216.47,104.438
216.475,116.641
216.48,127.435
216.485,138.014
216.49,148.585
216.495,156.685
216.5,162.02
216.505,165.63
216.51,165.931
216.515,161.894
216.52,154.67
216.525,143.602
216.53,127.624
216.535,108.748
216.54,88.4641
216.545,66.3086
216.55,44.1071
216.555,24.4177
216.56,6.87212
216.565,-8.58113
216.57,-20.1481
216.575,-28.591
216.58,-35.8194
216.585,-41.1651
216.59,-44.3745
216.595,-47.1787
216.6,-49.331
216.605,-49.8349
216.61,-50.4531
216.615,-51.8057
216.62,-51.7316
216.625,-50.3904
216.63,-49.922
216.635,-49.4419
216.64,-47.5099
216.645,-45.6631
216.65,-44.3523
216.655,-42.226
216.66,-40.5326
216.665,-40.4208
216.67,-39.9143
216.675,-38.5905
216.68,-37.9889
216.685,-37.1393
216.69,-35.1286
216.695,-33.9129
216.7,-33.9335
216.705,-33.7485
216.71,-34.2551
216.715,-36.1703
216.72,-37.5263
216.725,-37.933
216.73,-38.7704
216.735,-38.5954
216.74,-36.3321
216.745,-33.6934
216.75,-30.8005
216.755,-26.4471
216.76,-21.6355
216.765,-17.5047
216.77,-12.8144
216.775,-7.28144
216.78,-1.79576
216.785,4.45245
216.79,10.9564
216.795,13.7375
216.8,10.3665
216.805,1.33899
216.81,-12.3304
216.815,-28.2152
216.82,-41.3957
216.825,-49.809
216.83,-55.2358
216.835,-58.0963
216.84,-58.8362
216.845,-60.1934
216.85,-62.8556
216.855,-65.684
216.86,-69.4341
216.865,-72.9978
216.87,-70.8316
216.875,-58.8462
216.88,-31.3745
216.885,22.4328
216.89,104.749
216.895,197.01
216.9,268.78
216.905,292.737
216.91,256.896
216.915,178.338
216.92,89.7664
216.925,15.8683
216.93,-33.8905
216.935,-59.4986
216.94,-67.0866
216.945,-65.8265
216.95,-61.045
216.955,-54.3845
216.96,-48.6389
216.965,-45.1208
216.97,-41.6817
216.975,-37.5159
216.98,-33.6042
216.985,-29.0111
216.99,-23.0815
216.995,-17.6894
217,-13.0349
217.005,-7.5261
217.01,-1.4754
217.015,4.7763
217.02,12.2635
217.025,20.2992
217.03,27.5771
217.035,35.7549
217.04,46.0964
217.045,56.8075
217.05,67.6151
217.055,80.0932
217.06,93.3891
217.065,106.501
217.07,120.516
217.075,134.525
217.08,145.847
217.085,154.388
217.09,160.89
217.095,164.127
217.1,164.319
217.105,163.113
217.11,159.077
217.115,150.372
217.12,137.808
217.125,121.418
217.13,100.833
217.135,78.481
217.14,56.5329
217.145,34.7517
217.15,14.8151
217.155,-0.402657
217.16,-12.167
217.165,-22.9083
217.17,-32.0266
217.175,-39.6961
217.18,-47.3508
217.185,-53.4083
217.19,-56.3932
217.195,-58.2174
217.2,-59.0552
217.205,-57.7055
217.21,-56.3021
217.215,-56.226
217.22,-55.4127
217.225,-53.8164
217.23,-53.1074
217.235,-52.4168
217.24,-50.796
217.245,-49.66
217.25,-48.7051
217.255,-46.4356
217.26,-44.0087
217.265,-42.5441
217.27,-40.4557
217.275,-38.0792
217.28,-37.2196
217.285,-36.5098
217.29,-34.7323
217.295,-34.0986
217.3,-35.1378
217.305,-35.9594
217.31,-36.9177
217.315,-38.7398
217.32,-39.8079
217.325,-39.6362
217.33,-38.6105
217.335,-35.3287
217.34,-29.8449
217.345,-24.7318
217.35,-20.6099
217.355,-15.5173
217.36,-10.1393
217.365,-5.82133
217.37,-0.621591
217.375,6.24821
217.38,13.3506
217.385,19.9401
217.39,24.4306
217.395,23.3788
217.4,15.6347
217.405,3.37528
217.41,-11.6675
217.415,-27.0553
217.42,-38.5786
217.425,-45.2277
217.43,-49.0354
217.435,-50.7221
217.44,-51.0257
217.445,-52.2955
217.45,-54.7125
217.455,-56.639
217.46,-58.0675
217.465,-56.6731
217.47,-47.3345
217.475,-23.406
217.48,24.7288
217.485,101.96
217.49,195.307
217.495,273.678
217.5,306.441
217.505,279.238
217.51,204.774
217.515,113.569
217.52,35.1029
217.525,-17.7838
217.53,-47.132
217.535,-58.6397
217.54,-58.8569
217.545,-55.5403
217.55,-52.169
217.555,-48.5946
217.56,-45.9511
217.565,-44.5526
217.57,-42.1628
217.575,-38.2686
217.58,-33.5734
217.585,-26.8287
217.59,-18.1164
217.595,-10.3348
217.6,-3.70763
217.605,3.47732
217.61,10.5504
217.615,16.8536
217.62,23.7422
217.625,30.9242
217.63,37.319
217.635,44.4171
217.64,53.3332
217.645,62.7946
217.65,73.3663
217.655,86.7395
217.66,101.455
217.665,115.953
217.67,130.45
217.675,143.636
217.68,153.701
217.685,161.375
217.69,167.072
217.695,168.909
217.7,166.851
217.705,162.124
217.71,153.157
217.715,138.994
217.72,121.917
217.725,102.574
217.73,80.4851
217.735,58.0755
217.74,37.4197
217.745,17.5469
217.75,-0.978017
217.755,-16.3216
217.76,-29.4583
217.765,-40.9491
217.77,-48.8345
217.775,-53.8123
217.78,-58.1859
217.785,-61.1376
217.79,-61.7888
217.795,-62.0721
217.8,-62.1539
217.805,-60.759
217.81,-59.3444
217.815,-58.9493
217.82,-58.0631
217.825,-56.6466
217.83,-55.7421
217.835,-54.2103
217.84,-51.8526
217.845,-50.9053
217.85,-51.3881
217.855,-51.2197
217.86,-51.0006
217.865,-51.3
217.87,-50.5613
217.875,-49.3711
217.88,-49.2498
217.885,-48.8545
217.89,-47.5546
217.895,-47.4255
217.9,-48.5649
217.905,-49.2718
217.91,-49.9704
217.915,-50.941
217.92,-50.328
217.925,-48.2389
217.93,-45.8888
217.935,-42.4442
217.94,-37.8424
217.945,-33.7866
217.95,-29.7727
217.955,-23.7796
217.96,-17.6027
217.965,-13.0577
217.97,-8.08332
217.975,-1.77888
217.98,4.41773
217.985,10.0141
217.99,13.6355
217.995,11.714
218,3.02807
218.005,-9.91309
218.01,-25.0475
218.015,-39.8113
218.02,-50.4149
218.025,-56.6232
218.03,-60.6044
218.035,-62.6735
218.04,-63.393
218.045,-64.8419
218.05,-66.935
218.055,-68.5157
218.06,-69.9755
218.065,-68.5927
218.07,-58.6179
218.075,-32.7702
218.08,19.3346
218.085,102.487
218.09,201.451
218.095,282.098
218.1,312.956
218.105,281.77
218.11,203.737
218.115,110.561
218.12,31.2041
218.125,-22.0376
218.13,-50.7761
218.135,-61.22
218.14,-61.2989
218.145,-58.3419
218.15,-54.5989
218.155,-49.9531
218.16,-46.167
218.165,-43.6308
218.17,-40.2421
218.175,-35.8487
218.18,-31.5881
218.185,-26.6513
218.19,-21.0525
218.195,-16.4989
218.2,-12.0403
218.205,-5.729
218.21,1.48141
218.215,9.03749
218.22,18.1935
218.225,27.9682
218.23,36.9631
218.235,46.7032
218.24,57.9173
218.245,69.0673
218.25,80.6549
218.255,94.1171
218.26,108.013
218.265,121.365
218.27,135.256
218.275,148.726
218.28,159.731
218.285,168.918
218.29,176.511
218.295,180.272
218.3,179.716
218.305,175.448
218.31,165.832
218.315,150.49
218.32,131.732
218.325,110.299
218.33,86.5385
218.335,63.4184
218.34,42.3755
218.345,22.1484
218.35,3.80828
218.355,-10.8592
218.36,-22.7994
218.365,-32.547
218.37,-39.1843
218.375,-44.1283
218.38,-49.125
218.385,-52.5592
218.39,-53.9051
218.395,-55.4301
218.4,-56.9359
218.405,-56.8546
218.41,-56.1739
218.415,-55.5109
218.42,-53.8647
218.425,-52.2532
218.43,-52.0041
218.435,-51.5063
218.44,-50.0205
218.445,-49.201
218.45,-48.4708
218.455,-46.3772
218.46,-44.4701
218.465,-43.5593
218.47,-41.9835
218.475,-40.2349
218.48,-39.7136
218.485,-39.14
218.49,-38.178
218.495,-38.7794
218.5,-40.5254
218.505,-41.716
218.51,-43.1796
218.515,-44.9072
218.52,-44.9225
218.525,-43.3987
218.53,-41.3149
218.535,-37.6194
218.54,-32.3253
218.545,-27.961
218.55,-24.265
218.555,-19.1003
218.56,-13.6036
218.565,-8.65212
218.57,-2.32842
218.575,5.31525
218.58,12.2913
218.585,18.0488
218.59,21.0622
218.595,17.6963
218.6,7.75042
218.605,-5.23511
218.61,-19.3443
218.615,-32.3534
218.62,-40.9382
218.625,-45.6125
218.63,-48.9215
218.635,-50.8573
218.64,-51.8629
218.645,-54.0413
218.65,-57.0673
218.655,-59.6139
218.66,-61.1112
218.665,-58.1322
218.67,-45.0578
218.675,-15.2388
218.68,39.2443
218.685,120.205
218.69,210.662
218.695,278.391
218.7,295.701
218.705,255.241
218.71,175.176
218.715,85.6901
218.72,12.516
218.725,-34.4945
218.73,-58.7538
218.735,-66.5941
218.74,-64.8722
218.745,-60.8578
218.75,-57.7365
218.755,-54.885
218.76,-52.9947
218.765,-52.3186
218.77,-50.4246
218.775,-46.8201
218.78,-43.1553
218.785,-38.5876
218.79,-32.4343
218.795,-26.3971
218.8,-20.2056
218.805,-12.474
218.81,-4.74989
218.815,1.73796
218.82,8.86061
218.825,17.0473
218.83,25.2436
218.835,34.932
218.84,46.9187
218.845,59.1002
218.85,70.9483
218.855,83.8228
218.86,97.0766
218.865,110.023
218.87,123.556
218.875,136.436
218.88,146.211
218.885,153.493
218.89,159.105
218.895,161.411
218.9,160.133
218.905,156.162
218.91,147.961
218.915,134.346
218.92,117.182
218.925,97.4514
218.93,74.9602
218.935,52.1175
218.94,31.0706
218.945,10.9664
218.95,-7.6337
218.955,-22.44
218.96,-33.6613
218.965,-42.4326
218.97,-48.2895
218.975,-52.3563
218.98,-56.6622
218.985,-59.9596
218.99,-60.9642
218.995,-61.0164
219,-60.214
219.005,-57.6722
219.01,-55.0705
219.015,-53.6974
219.02,-52.146
219.025,-50.3922
219.03,-49.7423
219.035,-49.0963
219.04,-47.6465
219.045,-47.1426
219.05,-47.3577
219.055,-46.524
219.06,-45.612
219.065,-45.2868
219.07,-44.0764
219.075,-42.2124
219.08,-41.181
219.085,-40.2819
219.09,-39.1442
219.095,-39.7852
219.1,-41.7904
219.105,-42.5187
219.11,-42.6087
219.115,-43.588
219.12,-43.901
219.125,-42.6768
219.13,-41.1742
219.135,-38.6281
219.14,-34.2777
219.145,-29.9346
219.15,-25.3769
219.155,-19.3681
219.16,-13.6579
219.165,-8.74896
219.17,-1.927
219.175,6.4047
219.18,12.8958
219.185,16.3714
219.19,15.7277
219.195,7.94094
219.2,-5.43648
219.205,-19.2428
219.21,-31.5831
219.215,-41.8299
219.22,-47.8929
219.225,-50.7197
219.23,-53.306
219.235,-55.4863
219.24,-56.5924
219.245,-58.5933
219.25,-61.7419
219.255,-62.987
219.26,-59.6347
219.265,-48.9005
219.27,-22.413
219.275,30.601
219.28,111.259
219.285,203.975
219.29,278.664
219.295,304.163
219.3,269.195
219.305,192.422
219.31,103.616
219.315,27.3896
219.32,-23.204
219.325,-49.031
219.33,-58.7691
219.335,-59.1531
219.34,-54.8224
219.345,-50.3994
219.35,-46.7009
219.355,-42.1718
219.36,-37.9377
219.365,-34.8117
219.37,-30.6743
219.375,-25.2486
219.38,-19.9834
219.385,-13.8801
219.39,-6.53552
219.395,-0.101525
219.4,5.41417
219.405,11.7487
219.41,18.2576
219.415,24.4982
219.42,32.3548
219.425,41.5119
219.43,50.1829
219.435,59.8422
219.44,71.7316
219.445,84.2777
219.45,97.3016
219.455,111.487
219.46,124.76
219.465,135.645
219.47,145.466
219.475,153.823
219.48,159.269
219.485,162.885
219.49,165.159
219.495,164.273
219.5,159.78
219.505,152.279
219.51,140.279
219.515,123.445
219.52,104.252
219.525,83.7231
219.53,61.763
219.535,40.5831
219.54,21.8416
219.545,4.61815
219.55,-10.2946
219.555,-20.8759
219.56,-28.4677
219.565,-34.5805
219.57,-38.4885
219.575,-41.167
219.58,-44.592
219.585,-47.5799
219.59,-49.0741
219.595,-50.6122
219.6,-51.7405
219.605,-50.8268
219.61,-49.094
219.615,-47.9476
219.62,-46.2582
219.625,-44.091
219.63,-42.533
219.635,-40.4585
219.64,-37.8186
219.645,-36.6013
219.65,-36.4597
219.655,-35.6404
219.66,-35.0812
219.665,-35.4193
219.67,-34.8674
219.675,-33.8463
219.68,-33.9599
219.685,-34.081
219.69,-33.3663
219.695,-33.3292
219.7,-33.6247
219.705,-32.701
219.71,-31.6477
219.715,-31.1652
219.72,-29.6302
219.725,-27.2721
219.73,-25.3167
219.735,-22.105
219.74,-17.0165
219.745,-12.3557
219.75,-8.61264
219.755,-4.49505
219.76,-0.109199
219.765,5.12906
219.77,12.926
219.775,21.1932
219.78,25.7401
219.785,25.4995
219.79,19.6789
219.795,7.85549
219.8,-6.08051
219.805,-17.2636
219.81,-25.2698
219.815,-31.0592
219.82,-34.2831
219.825,-36.6191
219.83,-40.2427
219.835,-43.6039
219.84,-45.3971
219.845,-47.3904
219.85,-48.4694
219.855,-44.4244
219.86,-33.1964
219.865,-8.8161
219.87,40.7217
219.875,117.273
219.88,203.067
219.885,270.131
219.89,291.845
219.895,256.16
219.9,180.614
219.905,96.538
219.91,26.3183
219.915,-20.5133
219.92,-43.8008
219.925,-51.2006
219.93,-51.5092
219.935,-48.5867
219.94,-44.4675
219.945,-41.7569
219.95,-40.1023
219.955,-37.7021
219.96,-35.3559
219.965,-33.2598
219.97,-29.3993
219.975,-24.0376
219.98,-18.8343
219.985,-12.9712
219.99,-5.79531
219.995,0.906943
220,7.14924
220.005,14.5922
220.01,22.3487
220.015,29.946
220.02,39.0919
220.025,49.6247
220.03,60.0531
220.035,71.0379
220.04,82.9717
220.045,94.4432
220.05,105.778
220.055,117.956
220.06,129.238
220.065,138.924
220.07,148.44
220.075,156.596
220.08,161.165
220.085,162.942
220.09,162.359
220.095,157.574
220.1,148.543
220.105,136.437
220.11,120.572
220.115,101.096
220.12,80.6136
220.125,60.0968
220.13,39.2148
220.135,19.7538
220.14,3.05025
220.145,-11.9051
220.15,-24.5891
220.155,-33.541
220.16,-40.2846
220.165,-46.3441
220.17,-50.9208
220.175,-54.4168
220.18,-57.939
220.185,-60.0986
220.19,-60.4081
220.195,-60.6324
220.2,-60.4346
220.205,-58.6793
220.21,-56.9865
220.215,-56.21
220.22,-54.7602
220.225,-52.8139
220.23,-51.6057
220.235,-49.7291
220.24,-46.5285
220.245,-44.2971
220.25,-42.9664
220.255,-41.302
220.26,-40.5113
220.265,-40.9506
220.27,-40.9033
220.275,-40.7776
220.28,-41.7971
220.285,-42.5296
220.29,-42.413
220.295,-43.1047
220.3,-44.1368
220.305,-44.1043
220.31,-43.9938
220.315,-43.6262
220.32,-41.1077
220.325,-37.7245
220.33,-35.3593
220.335,-32.8636
220.34,-29.1218
220.345,-25.3561
220.35,-21.625
220.355,-16.7773
220.36,-11.4898
220.365,-5.89331
220.37,0.422151
220.375,5.10012
220.38,4.98911
220.385,-0.448253
220.39,-10.5215
220.395,-24.2783
220.4,-38.0931
220.405,-48.5764
220.41,-56.5336
220.415,-62.8043
220.42,-66.279
220.425,-68.0456
220.43,-69.7827
220.435,-70.9419
220.44,-71.919
220.445,-73.6966
220.45,-72.6069
220.455,-63.6386
220.46,-42.3293
220.465,1.25818
220.47,74.4967
220.475,166.012
220.48,246.993
220.485,288.498
220.49,272.236
220.495,205.266
220.5,117.19
220.505,37.6774
220.51,-19.4285
220.515,-52.3913
220.52,-64.8336
220.525,-64.8776
220.53,-60.8565
220.535,-55.9286
220.54,-51.3205
220.545,-48.7995
220.55,-47.0355
220.555,-43.8712
220.56,-40.3733
220.565,-37.1156
220.57,-32.5291
220.575,-26.9456
220.58,-21.4923
220.585,-14.8975
220.59,-7.11867
220.595,-0.319605
220.6,5.8471
220.605,12.9912
220.61,20.1184
220.615,27.0135
220.62,35.4116
220.625,44.8816
220.63,54.3863
220.635,65.2023
220.64,77.4543
220.645,89.4267
220.65,101.714
220.655,115.362
220.66,128.47
220.665,139.576
220.67,149.239
220.675,156.081
220.68,158.419
220.685,157.582
220.69,154.251
220.695,146.708
220.7,135.117
220.705,120.51
220.71,102.079
220.715,80.7587
220.72,59.6043
220.725,39.1686
220.73,19.1352
220.735,1.62292
220.74,-12.4527
220.745,-24.5866
220.75,-34.3605
220.755,-41.1287
220.76,-46.7334
220.765,-51.7879
220.77,-54.6917
220.775,-56.3259
220.78,-58.0214
220.785,-58.1386
220.79,-56.3759
220.795,-55.078
220.8,-54.1573
220.805,-51.9952
220.81,-49.9601
220.815,-49.3888
220.82,-48.7592
220.825,-47.6431
220.83,-47.1765
220.835,-46.3512
220.84,-44.5466
220.845,-43.3341
220.85,-42.5968
220.855,-41.0791
220.86,-40.1874
220.865,-40.6476
220.87,-40.362
220.875,-39.1083
220.88,-38.4605
220.885,-37.9067
220.89,-37.0314
220.895,-37.3125
220.9,-38.2247
220.905,-37.9254
220.91,-36.9245
220.915,-35.3596
220.92,-31.771
220.925,-26.761
220.93,-22.5722
220.935,-18.6253
220.94,-13.939
220.945,-10.3641
220.95,-7.84278
220.955,-3.76506
220.96,2.31583
220.965,9.26125
220.97,16.0725
220.975,19.7031
220.98,16.225
220.985,6.02434
220.99,-7.54593
220.995,-22.2203
221,-34.8007
221.005,-42.882
221.01,-48.1999
221.015,-52.6602
221.02,-55.3976
221.025,-56.958
221.03,-58.9865
221.035,-60.6283
221.04,-61.2836
221.045,-60.8414
221.05,-55.5807
221.055,-39.8317
221.06,-5.71616
221.065,55.4873
221.07,142.597
221.075,233.53
221.08,295.138
221.085,302.202
221.09,252.202
221.095,167.023
221.1,78.0875
221.105,8.71957
221.11,-34.8363
221.115,-56.728
221.12,-62.7999
221.125,-60.2753
221.13,-55.6864
221.135,-50.7143
221.14,-45.4229
221.145,-41.4091
221.15,-38.3825
221.155,-34.2239
221.16,-29.5287
221.165,-25.2826
221.17,-20.2683
221.175,-14.6046
221.18,-9.63189
221.185,-4.23957
221.19,2.57592
221.195,9.27956
221.2,16.063
221.205,24.2425
221.21,32.5109
221.215,40.3871
221.22,49.9598
221.225,61.1508
221.23,72.642
221.235,85.5495
221.24,100.143
221.245,114.057
221.25,126.91
221.255,139.68
221.26,150.759
221.265,158.939
221.27,165.557
221.275,170.52
221.28,172.24
221.285,171.26
221.29,167.493
221.295,158.558
221.3,144.386
221.305,126.865
221.31,105.988
221.315,82.5951
221.32,60.1399
221.325,39.6909
221.33,20.6643
221.335,4.93537
221.34,-6.70362
221.345,-16.2973
221.35,-24.013
221.355,-28.7025
221.36,-31.9828
221.365,-35.2792
221.37,-37.2694
221.375,-38.4108
221.38,-40.3011
221.385,-41.3978
221.39,-40.5183
221.395,-39.3062
221.4,-38.1338
221.405,-36.1139
221.41,-34.5392
221.415,-34.0296
221.42,-33.089
221.425,-32.1466
221.43,-32.5529
221.435,-32.8947
221.44,-32.2486
221.445,-32.1881
221.45,-32.3157
221.455,-30.9233
221.46,-29.1482
221.465,-27.8839
221.47,-25.7688
221.475,-23.5106
221.48,-23.055
221.485,-23.5174
221.49,-23.907
221.495,-25.1044
221.5,-26.1726
221.505,-25.1652
221.51,-22.5869
221.515,-19.2113
221.52,-14.4019
221.525,-9.31329
221.53,-5.71622
221.535,-1.694
221.54,3.65523
221.545,7.70338
221.55,10.9573
221.555,16.1812
221.56,22.4461
221.565,27.5819
221.57,31.2817
221.575,31.5184
221.58,25.4054
221.585,14.7774
221.59,2.83443
221.595,-9.74973
221.6,-20.8786
221.605,-28.2397
221.61,-33.2187
221.615,-37.0423
221.62,-38.7148
221.625,-39.4369
221.63,-41.3551
221.635,-43.5983
221.64,-44.9759
221.645,-44.4293
221.65,-37.9491
221.655,-18.0053
221.66,25.4791
221.665,98.3979
221.67,191.704
221.675,276.386
221.68,319.258
221.685,302.347
221.69,235.472
221.695,146.525
221.7,64.5154
221.705,6.50199
221.71,-26.3577
221.715,-40.4702
221.72,-42.1355
221.725,-38.0099
221.73,-33.4691
221.735,-29.1061
221.74,-24.7158
221.745,-21.9621
221.75,-19.7797
221.755,-15.7027
221.76,-10.4882
221.765,-4.86177
221.77,2.27917
221.775,9.81528
221.78,15.8877
221.785,21.5696
221.79,27.5403
221.795,32.7666
221.8,38.1486
221.805,45.2285
221.81,53.0319
221.815,61.1744
221.82,71.2911
221.825,82.9421
221.83,94.5053
221.835,106.833
221.84,119.976
221.845,131.93
221.85,142.95
221.855,154.289
221.86,164.705
221.865,173.559
221.87,181.848
221.875,187.988
221.88,189.509
221.885,186.99
221.89,180.526
221.895,168.387
221.9,151.606
221.905,132.484
221.91,110.848
221.915,87.5338
221.92,65.663
221.925,45.8419
221.93,27.2614
221.935,11.6397
221.94,-0.411453
221.945,-10.8066
221.95,-19.218
221.955,-24.6369
221.96,-28.8153
221.965,-32.7389
221.97,-35.0418
221.975,-36.2656
221.98,-37.514
221.985,-37.47
221.99,-36.0411
221.995,-35.1158
222,-34.4131
222.005,-32.9246
222.01,-31.9275
222.015,-31.6804
222.02,-30.5297
222.025,-29.1176
222.03,-28.6862
222.035,-27.7992
222.04,-26.0784
222.045,-25.3379
222.05,-25.1179
222.055,-23.6898
222.06,-21.9113
222.065,-20.5204
222.07,-18.6765
222.075,-17.2712
222.08,-17.4181
222.085,-17.5002
222.09,-17.5259
222.095,-19.4642
222.1,-22.1952
222.105,-22.993
222.11,-21.8772
222.115,-19.3932
222.12,-14.7354
222.125,-9.22362
222.13,-4.80423
222.135,0.132929
222.14,5.91449
222.145,10.2596
222.15,13.9194
222.155,19.226
222.16,25.0214
222.165,29.2712
222.17,31.5661
222.175,29.6692
222.18,21.4408
222.185,9.38816
222.19,-3.3877
222.195,-15.7183
222.2,-25.1801
222.205,-30.5156
222.21,-34.1492
222.215,-37.4825
222.22,-39.6548
222.225,-41.8418
222.23,-45.5442
222.235,-49.5838
222.24,-52.2786
222.245,-51.5861
222.25,-43.087
222.255,-18.05
222.26,33.517
222.265,114.197
222.27,208.425
222.275,283.355
222.28,307.702
222.285,271.646
222.29,193.375
222.295,102.973
222.3,26.6112
222.305,-23.5088
222.31,-49.977
222.315,-60.1486
222.32,-59.9172
222.325,-55.3957
222.33,-51.0754
222.335,-47.256
222.34,-44.0203
222.345,-42.5676
222.35,-41.1616
222.355,-37.8394
222.36,-33.6779
222.365,-28.9536
222.37,-22.5332
222.375,-15.4619
222.38,-9.12204
222.385,-2.11989
222.39,6.09612
222.395,13.9138
222.4,21.5481
222.405,30.0256
222.41,38.0988
222.415,45.7837
222.42,55.2522
222.425,66.1418
222.43,77.4983
222.435,90.7262
222.44,105.434
222.445,118.757
222.45,130.365
222.455,140.887
222.46,148.569
222.465,152.917
222.47,156.117
222.475,158.076
222.48,157.192
222.485,153.859
222.49,147.466
222.495,135.779
222.5,119.615
222.505,101.002
222.51,79.6154
222.515,56.2353
222.52,33.7442
222.525,13.2428
222.53,-5.16275
222.535,-19.2378
222.54,-28.3316
222.545,-34.8026
222.55,-39.3864
222.555,-42.1306
222.56,-45.0773
222.565,-48.7191
222.57,-51.643
222.575,-54.1587
222.58,-56.2559
222.585,-56.6125
222.59,-55.9477
222.595,-56.1693
222.6,-56.3842
222.605,-55.3021
222.61,-54.4369
222.615,-53.9448
222.62,-52.1121
222.625,-49.936
222.63,-48.9514
222.635,-47.4537
222.64,-44.7455
222.645,-42.331
222.65,-39.849
222.655,-37.2368
222.66,-36.2925
222.665,-36.8496
222.67,-36.9205
222.675,-37.24
222.68,-38.8341
222.685,-40.1268
222.69,-41.0406
222.695,-42.7157
222.7,-43.567
222.705,-42.0976
222.71,-40.0541
222.715,-38.4186
222.72,-35.8323
222.725,-32.6879
222.73,-29.66
222.735,-25.2209
222.74,-20.0322
222.745,-16.2939
222.75,-12.09
222.755,-5.31355
222.76,1.421
222.765,5.8963
222.77,7.92547
222.775,5.45061
222.78,-3.13908
222.785,-15.0395
222.79,-27.2874
222.795,-39.2569
222.8,-48.8445
222.805,-54.0592
222.81,-57.0087
222.815,-59.762
222.82,-61.6711
222.825,-63.2043
222.83,-65.6469
222.835,-67.9844
222.84,-68.9464
222.845,-66.6757
222.85,-57.17
222.855,-32.854
222.86,15.8514
222.865,92.4309
222.87,183.845
222.875,259.64
222.88,288.395
222.885,258.035
222.89,185.275
222.895,99.3076
222.9,25.3784
222.905,-23.9557
222.91,-50.307
222.915,-61.3688
222.92,-62.7593
222.925,-59.8315
222.93,-57.3659
222.935,-55.829
222.94,-54.5759
222.945,-54.2703
222.95,-53.7598
222.955,-51.2544
222.96,-47.8818
222.965,-44.4797
222.97,-39.1366
222.975,-31.8866
222.98,-24.5883
222.985,-16.7715
222.99,-8.54389
222.995,-1.74204
223,4.28453
223.005,11.36
223.01,19.3526
223.015,28.4109
223.02,39.8577
223.025,52.5794
223.03,64.9248
223.035,77.4653
223.04,90.9182
223.045,103.929
223.05,116.411
223.055,129.233
223.06,140.255
223.065,147.681
223.07,152.679
223.075,154.52
223.08,151.421
223.085,144.828
223.09,135.408
223.095,121.593
223.1,103.972
223.105,84.7997
223.11,64.8041
223.115,44.7219
223.12,26.421
223.125,9.49436
223.13,-6.92603
223.135,-20.6939
223.14,-30.5177
223.145,-38.1387
223.15,-43.6674
223.155,-46.094
223.16,-47.1935
223.165,-48.3239
223.17,-48.5024
223.175,-48.0721
223.18,-48.1333
223.185,-46.9835
223.19,-44.09
223.195,-41.309
223.2,-38.3949
223.205,-34.6342
223.21,-32.1031
223.215,-31.6812
223.22,-31.1382
223.225,-30.2029
223.23,-30.2913
223.235,-30.0492
223.24,-28.6889
223.245,-28.225
223.25,-28.3822
223.255,-27.4257
223.26,-26.7225
223.265,-26.7292
223.27,-25.6527
223.275,-24.2391
223.28,-23.9365
223.285,-23.6016
223.29,-22.9963
223.295,-23.5931
223.3,-23.9134
223.305,-21.7933
223.31,-18.9291
223.315,-16.3161
223.32,-13.0793
223.325,-10.0827
223.33,-8.63483
223.335,-7.22845
223.34,-4.31182
223.345,-0.188133
223.35,6.1462
223.355,14.8029
223.36,21.5588
223.365,23.1221
223.37,19.6411
223.375,11.1566
223.38,-1.08811
223.385,-12.7383
223.39,-21.56
223.395,-28.2903
223.4,-31.7753
223.405,-31.7623
223.41,-31.2058
223.415,-31.6727
223.42,-32.0895
223.425,-33.3158
223.43,-35.808
223.435,-35.4447
223.44,-28.0613
223.445,-9.61943
223.45,30.3668
223.455,97.8108
223.46,179.892
223.465,249.892
223.47,281.783
223.475,260.272
223.48,195.11
223.485,114.73
223.49,44.4064
223.495,-4.61911
223.5,-31.0058
223.505,-39.6844
223.51,-39.5377
223.515,-36.4765
223.52,-31.7788
223.525,-27.2359
223.53,-24.4188
223.535,-22.0553
223.54,-18.892
223.545,-15.7085
223.55,-12.0904
223.555,-6.79057
223.56,-1.04915
223.565,4.62523
223.57,11.7645
223.575,19.4695
223.58,25.4881
223.585,30.9886
223.59,37.2428
223.595,43.2273
223.6,49.6955
223.605,57.7462
223.61,65.9012
223.615,74.3643
223.62,84.7342
223.625,95.8553
223.63,106.29
223.635,117.102
223.64,128.357
223.645,137.868
223.65,145.689
223.655,152.894
223.66,158.113
223.665,160.854
223.67,162.127
223.675,160.082
223.68,152.324
223.685,139.801
223.69,123.821
223.695,104.278
223.7,83.2092
223.705,63.1154
223.71,43.5563
223.715,25.0107
223.72,9.29778
223.725,-4.18977
223.73,-16.3108
223.735,-25.6033
223.74,-32.0033
223.745,-37.5842
223.75,-41.9405
223.755,-44.0097
223.76,-45.4885
223.765,-47.1545
223.77,-47.5612
223.775,-47.2676
223.78,-47.3031
223.785,-46.4672
223.79,-45.0732
223.795,-44.7176
223.8,-43.9884
223.805,-41.2083
223.81,-38.0552
223.815,-35.5544
223.82,-32.5392
223.825,-29.4681
223.83,-27.321
223.835,-24.8231
223.84,-21.6826
223.845,-19.613
223.85,-18.3203
223.855,-16.6993
223.86,-15.9644
223.865,-16.4222
223.87,-16.7573
223.875,-17.8301
223.88,-20.2292
223.885,-20.9699
223.89,-19.735
223.895,-19.034
223.9,-17.4265
223.905,-13.4096
223.91,-9.03235
223.915,-5.5251
223.92,-2.07669
223.925,1.04717
223.93,4.43272
223.935,10.4422
223.94,17.7462
223.945,21.9071
223.95,20.8303
223.955,14.2283
223.96,1.75052
223.965,-13.2701
223.97,-25.7589
223.975,-34.828
223.98,-41.3358
223.985,-44.5205
223.99,-45.2292
223.995,-45.9246
224,-46.4078
224.005,-45.9598
224.01,-46.5136
224.015,-47.6915
224.02,-44.6922
224.025,-34.9604
224.03,-14.5251
224.035,27.0043
224.04,93.1515
224.045,171.198
224.05,237.42
224.055,266.8
224.06,243.71
224.065,178.657
224.07,99.5673
224.075,29.758
224.08,-19.4619
224.085,-45.5234
224.09,-53.8482
224.095,-53.5839
224.1,-49.9548
224.105,-45.096
224.11,-41.5063
224.115,-39.3593
224.12,-36.4242
224.125,-33.2269
224.13,-30.662
224.135,-26.561
224.14,-20.8859
224.145,-15.7805
224.15,-10.6086
224.155,-4.21239
224.16,1.87774
224.165,7.26792
224.17,13.6393
224.175,20.2734
224.18,26.079
224.185,33.218
224.19,42.0677
224.195,50.6481
224.2,59.6827
224.205,70.3191
224.21,81.0348
224.215,91.4449
224.22,102.98
224.225,114.635
224.23,124.966
224.235,135.068
224.24,144.443
224.245,150.241
224.25,152.428
224.255,151.803
224.26,146.992
224.265,137.83
224.27,125.704
224.275,110.05
224.28,90.3705
224.285,69.347
224.29,48.8507
224.295,28.9182
224.3,11.1946
224.305,-3.15598
224.31,-15.8812
224.315,-27.0621
224.32,-34.9711
224.325,-40.5263
224.33,-45.4007
224.335,-48.9134
224.34,-51.097
224.345,-53.6059
224.35,-55.9254
224.355,-57.1642
224.36,-58.6097
224.365,-59.9876
224.37,-59.6479
224.375,-58.8825
224.38,-59.0705
224.385,-58.5557
224.39,-57.3546
224.395,-57.3196
224.4,-57.7372
224.405,-57.3093
224.41,-57.0999
224.415,-56.8158
224.42,-54.851
224.425,-52.3338
224.43,-50.8207
224.435,-49.2099
224.44,-47.4611
224.445,-46.9622
224.45,-46.342
224.455,-44.3506
224.46,-42.2924
224.465,-40.147
224.47,-37.1166
224.475,-34.0775
224.48,-31.4699
224.485,-27.7259
224.49,-23.1032
224.495,-20.1572
224.5,-18.3048
224.505,-15.608
224.51,-12.6783
224.515,-8.76774
224.52,-2.03686
224.525,6.0325
224.53,12.614
224.535,16.7432
224.54,16.9224
224.545,10.8112
224.55,0.169714
224.555,-11.6901
224.56,-23.9525
224.565,-34.7706
224.57,-41.4955
224.575,-45.0859
224.58,-47.3393
224.585,-47.776
224.59,-47.5095
224.595,-48.7414
224.6,-50.5986
224.605,-51.1842
224.61,-49.0905
224.615,-41.0219
224.62,-18.5504
224.625,27.4608
224.63,98.2911
224.635,182.295
224.64,253.081
224.645,281.2
224.65,253.416
224.655,183.869
224.66,100.023
224.665,27.0673
224.67,-21.8106
224.675,-47.6983
224.68,-57.8627
224.685,-58.049
224.69,-53.9152
224.695,-50.0085
224.7,-46.9552
224.705,-44.4641
224.71,-43.3891
224.715,-42.486
224.72,-39.4676
224.725,-35.1948
224.73,-30.5325
224.735,-23.9126
224.74,-16.0701
224.745,-9.5976
224.75,-4.01705
224.755,1.73585
224.76,6.8783
224.765,12.0238
224.77,18.8479
224.775,26.3003
224.78,32.882
224.785,40.23
224.79,49.2086
224.795,58.286
224.8,67.7429
224.805,78.7456
224.81,90.3626
224.815,102.045
224.82,114.127
224.825,124.978
224.83,132.627
224.835,137.758
224.84,140.562
224.845,139.329
224.85,134.119
224.855,125.915
224.86,113.793
224.865,97.9444
224.87,80.628
224.875,61.9632
224.88,41.7225
224.885,22.5113
224.89,5.6591
224.895,-9.82389
224.9,-23.4893
224.905,-34.2131
224.91,-42.8047
224.915,-49.4688
224.92,-53.2996
224.925,-55.7658
224.93,-58.5497
224.935,-60.4278
224.94,-61.0595
224.945,-62.3604
224.95,-64.0751
224.955,-64.7405
224.96,-65.3989
224.965,-66.3569
224.97,-66.0238
224.975,-65.0292
224.98,-64.8286
224.985,-63.8588
224.99,-61.4102
224.995,-59.3501
225,-57.6642
225.005,-55.1153
225.01,-52.5855
225.015,-51.0825
225.02,-50.0379
225.025,-49.7032
225.03,-50.1781
225.035,-49.8741
225.04,-48.8976
225.045,-48.5959
225.05,-48.0308
225.055,-46.4504
225.06,-45.7765
225.065,-46.0631
225.07,-45.1292
225.075,-43.9325
225.08,-43.5569
225.085,-42.3182
225.09,-40.0874
225.095,-38.6029
225.1,-36.9076
225.105,-33.7595
225.11,-30.8308
225.115,-28.5161
225.12,-24.8481
225.125,-19.8277
225.13,-13.973
225.135,-6.04775
225.14,1.86049
225.145,4.95096
225.15,2.13148
225.155,-5.49152
225.16,-17.7324
225.165,-32.1961
225.17,-44.2615
225.175,-52.8545
225.18,-58.9661
225.185,-62.1117
225.19,-63.1591
225.195,-64.3107
225.2,-65.0606
225.205,-65.1444
225.21,-67.0173
225.215,-69.7194
225.22,-67.7589
225.225,-57.113
225.23,-30.7943
225.235,21.8292
225.24,100.276
225.245,184.696
225.25,246.352
225.255,259.753
225.26,217.08
225.265,138.47
225.27,55.5293
225.275,-10.2815
225.28,-51.8308
225.285,-70.2875
225.29,-72.8131
225.295,-68.9958
225.3,-64.0222
225.305,-59.1847
225.31,-55.7348
225.315,-53.7222
225.32,-51.5761
225.325,-49.2883
225.33,-47.3411
225.335,-43.882
225.34,-38.4717
225.345,-32.8714
225.35,-26.8992
225.355,-19.8585
225.36,-13.5383
225.365,-8.47231
225.37,-2.60653
225.375,4.05502
225.38,10.7323
225.385,18.6702
225.39,27.9995
225.395,37.2595
225.4,46.7288
225.405,57.101
225.41,66.8815
225.415,76.2022
225.42,86.99
225.425,98.0877
225.43,107.743
225.435,116.614
225.44,124.213
225.445,128.594
225.45,130.505
225.455,130.882
225.46,127.269
225.465,118.587
225.47,106.744
225.475,91.8441
225.48,73.6535
225.485,54.9278
225.49,37.3319
225.495,19.9261
225.5,3.84299
225.505,-9.54716
225.51,-21.3871
225.515,-32.1538
225.52,-40.6279
225.525,-47.2986
225.53,-53.1832
225.535,-56.9422
225.54,-58.4752
225.545,-59.5911
225.55,-59.5745
225.555,-57.2254
225.56,-54.7401
225.565,-53.6375
225.57,-52.6705
225.575,-52.0535
225.58,-51.9514
225.585,-50.315
225.59,-48.0288
225.595,-47.8482
225.6,-48.7483
225.605,-48.8816
225.61,-49.142
225.615,-49.3086
225.62,-47.766
225.625,-45.8445
225.63,-45.3811
225.635,-45.1335
225.64,-44.7735
225.645,-45.7831
225.65,-47.0245
225.655,-46.8611
225.66,-46.5812
225.665,-46.5036
225.67,-45.5499
225.675,-45.2618
225.68,-46.618
225.685,-47.4148
225.69,-46.9088
225.695,-46.7582
225.7,-46.3234
225.705,-44.3487
225.71,-42.2484
225.715,-39.8872
225.72,-35.5549
225.725,-30.871
225.73,-27.3161
225.735,-23.2798
225.74,-18.4994
225.745,-13.9074
225.75,-7.5972
225.755,0.754318
225.76,6.96471
225.765,8.46916
225.77,5.20941
225.775,-4.38534
225.78,-19.1065
225.785,-33.5746
225.79,-44.3709
225.795,-51.9406
225.8,-55.8554
225.805,-56.0379
225.81,-55.4254
225.815,-55.6013
225.82,-55.857
225.825,-57.322
225.83,-60.8365
225.835,-63.8039
225.84,-63.0624
225.845,-55.5187
225.85,-31.7935
225.855,20.1026
225.86,100.207
225.865,190.703
225.87,261.714
225.875,282.865
225.88,243.53
225.885,164.902
225.89,78.7014
225.895,7.34706
225.9,-38.6792
225.905,-60.2197
225.91,-66.4518
225.915,-65.8208
225.92,-62.689
225.925,-60.5823
225.93,-60.546
225.935,-60.186
225.94,-58.7476
225.945,-57.2431
225.95,-54.3023
225.955,-48.7243
225.96,-42.3727
225.965,-35.9985
225.97,-28.8616
225.975,-22.4747
225.98,-17.4425
225.985,-11.458
225.99,-4.33252
225.995,2.29678
226,9.54146
226.005,18.6037
226.01,28.0835
226.015,37.9315
226.02,49.209
226.025,60.4248
226.03,70.3834
226.035,80.8801
226.04,92.1526
226.045,102.437
226.05,112.35
226.055,122.471
226.06,130.518
226.065,135.598
226.07,138.837
226.075,139.147
226.08,135.581
226.085,129.324
226.09,119.935
226.095,105.777
226.1,88.1454
226.105,69.1445
226.11,49.0259
226.115,29.2221
226.12,11.8316
226.125,-3.72614
226.13,-18.1433
226.135,-29.849
226.14,-39.1957
226.145,-48.1732
226.15,-55.7552
226.155,-60.6674
226.16,-64.096
226.165,-66.0016
226.17,-65.4754
226.175,-64.2899
226.18,-63.7727
226.185,-62.362
226.19,-60.017
226.195,-58.5509
226.2,-57.2165
226.205,-55.3892
226.21,-54.7794
226.215,-55.128
226.22,-54.3256
226.225,-53.3003
226.23,-52.9454
226.235,-51.6396
226.24,-49.6282
226.245,-48.9275
226.25,-48.6249
226.255,-47.5739
226.26,-47.2113
226.265,-47.5193
226.27,-47.2126
226.275,-47.6205
226.28,-49.7206
226.285,-51.952
226.29,-54.0993
226.295,-56.7956
226.3,-58.2648
226.305,-57.6425
226.31,-57.0252
226.315,-56.9065
226.32,-55.5576
226.325,-53.1363
226.33,-50.4206
226.335,-46.5031
226.34,-42.0125
226.345,-38.1491
226.35,-33.2141
226.355,-26.9222
226.36,-21.4136
226.365,-15.9093
226.37,-8.79898
226.375,-2.55085
226.38,0.208884
226.385,-0.146677
226.39,-4.88305
226.395,-16.0017
226.4,-30.5634
226.405,-44.5882
226.41,-57.017
226.415,-66.5454
226.42,-71.7324
226.425,-74.4329
226.43,-76.6839
226.435,-77.8184
226.44,-78.6371
226.445,-81.1973
226.45,-84.4178
226.455,-84.8427
226.46,-79.5779
226.465,-62.3183
226.47,-21.7046
226.475,47.4596
226.48,134.285
226.485,212.543
226.49,251.372
226.495,231.605
226.5,165.037
226.505,81.9371
226.51,7.3839
226.515,-44.9791
226.52,-72.4697
226.525,-82.128
226.53,-82.3385
226.535,-77.6771
226.54,-72.2473
226.545,-69.0213
226.55,-66.8503
226.555,-64.2693
226.56,-62.2118
226.565,-60.3544
226.57,-56.8463
226.575,-52.2499
226.58,-47.2098
226.585,-40.512
226.59,-32.997
226.595,-26.4921
226.6,-20.3184
226.605,-13.9691
226.61,-8.44833
226.615,-2.66483
226.62,5.26484
226.625,14.3692
226.63,23.3369
226.635,32.5428
226.64,41.0304
226.645,47.8462
226.65,54.9891
226.655,63.9761
226.66,73.3969
226.665,82.7571
226.67,92.46
226.675,100.467
226.68,105.331
226.685,108.255
226.69,108.658
226.695,104.609
226.7,97.208
226.705,87.4619
226.71,74.118
226.715,57.8851
226.72,40.7309
226.725,21.9577
226.73,1.61201
226.735,-17.2514
226.74,-33.8887
226.745,-49.3353
226.75,-62.0745
226.755,-71.3229
226.76,-79.1752
226.765,-85.8854
226.77,-90.2977
226.775,-93.3642
226.78,-95.4584
226.785,-95.1481
226.79,-93.7057
226.795,-93.3062
226.8,-92.645
226.805,-90.7101
226.81,-89.2215
226.815,-88.0548
226.82,-85.9834
226.825,-84.5645
226.83,-84.6386
226.835,-84.3138
226.84,-83.4642
226.845,-83.4876
226.85,-83.0083
226.855,-81.1999
226.86,-79.7537
226.865,-78.6805
226.87,-77.1431
226.875,-76.5148
226.88,-77.5982
226.885,-78.5373
226.89,-79.0421
226.895,-80.7625
226.9,-82.5056
226.905,-82.62
226.91,-82.7609
226.915,-83.4569
226.92,-83.247
226.925,-82.5831
226.93,-82.3406
226.935,-80.7343
226.94,-77.5105
226.945,-74.4819
226.95,-70.8315
226.955,-65.2505
226.96,-59.4214
226.965,-54.7747
226.97,-49.9562
226.975,-44.7139
226.98,-39.6004
226.985,-33.788
226.99,-28.791
226.995,-28.0259
227,-32.3458
227.005,-41.2162
227.01,-54.1874
227.015,-68.3498
227.02,-79.7124
227.025,-87.9199
227.03,-93.874
227.035,-96.6391
227.04,-97.1392
227.045,-97.9733
227.05,-98.5537
227.055,-98.2512
227.06,-98.6625
227.065,-97.792
227.07,-90.2703
227.075,-70.2571
227.08,-28.392
227.085,42.3645
227.09,129.451
227.095,201.599
227.1,229.335
227.105,200.48
227.11,129.369
227.115,46.2529
227.12,-22.5753
227.125,-67.1188
227.13,-89.4771
227.135,-94.93
227.14,-90.9408
227.145,-85.3024
227.15,-80.4248
227.155,-75.9287
227.16,-73.1149
227.165,-71.5961
227.17,-69.3299
227.175,-66.6113
227.18,-64.0539
227.185,-59.6582
227.19,-53.2423
227.195,-46.9902
227.2,-40.8486
227.205,-33.9315
227.21,-27.4556
227.215,-21.2619
227.22,-13.7412
227.225,-5.44487
227.23,2.55162
227.235,11.4322
227.24,21.1866
227.245,30.2399
227.25,39.5846
227.255,50.1653
227.26,60.5003
227.265,70.5614
227.27,81.7686
227.275,92.3648
227.28,100.495
227.285,107.332
227.29,113.117
227.295,116.359
227.3,117.077
227.305,114.983
227.31,108.105
227.315,96.5836
227.32,82.3807
227.325,65.3317
227.33,45.3245
227.335,25.0316
227.34,6.20219
227.345,-11.5933
227.35,-27.5024
227.355,-40.4284
227.36,-51.4424
227.365,-60.6255
227.37,-66.5213
227.375,-70.5303
227.38,-74.853
227.385,-78.1459
227.39,-79.7036
227.395,-80.8913
227.4,-80.8933
227.405,-79.0127
227.41,-77.1605
227.415,-75.6383
227.42,-73
227.425,-70.6357
227.43,-69.8998
227.435,-69.079
227.44,-67.6475
227.445,-67.0405
227.45,-66.3801
227.455,-64.6365
227.46,-63.3238
227.465,-62.5857
227.47,-61.0435
227.475,-59.87
227.48,-60.0723
227.485,-60.0271
227.49,-59.4644
227.495,-59.709
227.5,-59.8581
227.505,-59.0114
227.51,-58.9844
227.515,-60.2443
227.52,-61.0072
227.525,-61.5393
227.53,-62.269
227.535,-60.8923
227.54,-57.2285
227.545,-53.2306
227.55,-48.6399
227.555,-43.0386
227.56,-38.2307
227.565,-34.875
227.57,-31.4248
227.575,-27.2125
227.58,-21.9518
227.585,-14.8137
227.59,-8.3621
227.595,-6.9687
227.6,-11.5098
227.605,-20.6391
227.61,-32.9962
227.615,-45.5261
227.62,-55.4066
227.625,-63.4189
227.63,-70.4176
227.635,-74.7977
227.64,-76.765
227.645,-78.6303
227.65,-80.1434
227.655,-80.5902
227.66,-81.503
227.665,-81.2918
227.67,-76.105
227.675,-63.3582
227.68,-34.7241
227.685,20.6126
227.69,98.9564
227.695,176.036
227.7,222.789
227.705,218.355
227.71,163.594
227.715,83.59
227.72,7.44083
227.725,-48.9113
227.73,-81.9643
227.735,-94.769
227.74,-95.0173
227.745,-90.5495
227.75,-85.0276
227.755,-80.2372
227.76,-78.3952
227.765,-78.7911
227.77,-78.7728
227.775,-78.4142
227.78,-77.5779
227.785,-74.2136
227.79,-68.9375
227.795,-64.2454
227.8,-59.8134
227.805,-54.6927
227.81,-49.9539
227.815,-45.05
227.82,-38.3329
227.825,-31.0737
227.83,-24.3404
227.835,-16.6862
227.84,-7.97573
227.845,0.600301
227.85,10.4787
227.855,22.5771
227.86,34.929
227.865,47.3618
227.87,60.6728
227.875,72.7994
227.88,82.3813
227.885,90.8384
227.89,97.5902
227.895,100.789
227.9,100.989
227.905,98.6536
227.91,92.2764
227.915,81.8801
227.92,68.9153
227.925,52.9043
227.93,34.2566
227.935,15.8363
227.94,-1.52018
227.945,-18.6651
227.95,-34.2977
227.955,-47.1801
227.96,-58.485
227.965,-68.0156
227.97,-74.7464
227.975,-79.9832
227.98,-84.8689
227.985,-88.3965
227.99,-91.1199
227.995,-94.4012
228,-96.7985
228.005,-96.9531
228.01,-96.3114
228.015,-95.11
228.02,-92.1923
228.025,-89.1373
228.03,-87.2474
228.035,-85.3525
228.04,-83.6536
228.045,-83.4303
228.05,-83.2035
228.055,-81.9367
228.06,-81.3243
228.065,-81.2822
228.07,-80.273
228.075,-79.2212
228.08,-78.6693
228.085,-77.0877
228.09,-75.0521
228.095,-74.5117
228.1,-75.0112
228.105,-75.7196
228.11,-77.2433
228.115,-77.6538
228.12,-74.2313
228.125,-68.4596
228.13,-62.9692
228.135,-57.6993
228.14,-53.4582
228.145,-51.2839
228.15,-48.9922
228.155,-45.7315
228.16,-43.5614
228.165,-41.3089
228.17,-36.0972
228.175,-29.551
228.18,-24.5784
228.185,-22.1837
228.19,-24.9017
228.195,-35.0237
228.2,-49.1117
228.205,-62.3994
228.21,-73.4848
228.215,-81.4558
228.22,-85.3211
228.225,-87.1355
228.23,-88.5814
228.235,-88.6609
228.24,-88.345
228.245,-89.9086
228.25,-92.0627
228.255,-91.8865
228.26,-87.4841
228.265,-73.4615
228.27,-37.819
228.275,27.3425
228.28,115.774
228.285,203.808
228.29,258.517
228.295,254.507
228.3,195.621
228.305,109.419
228.31,24.5162
228.315,-39.5733
228.32,-76.5697
228.325,-92.3637
228.33,-95.6451
228.335,-91.9686
228.34,-86.3964
228.345,-82.4641
228.35,-79.6471
228.355,-77.3486
228.36,-76.4476
228.365,-75.1415
228.37,-70.8894
228.375,-64.8417
228.38,-58.3951
228.385,-50.6838
228.39,-42.7992
228.395,-36.4514
228.4,-30.4313
228.405,-23.9037
228.41,-17.8361
228.415,-11.5334
228.42,-3.10436
228.425,6.84576
228.43,17.217
228.435,28.8578
228.44,40.7066
228.445,51.2567
228.45,62.0239
228.455,74.0079
228.46,85.3796
228.465,96.0508
228.47,106.85
228.475,115.995
228.48,122.182
228.485,126.361
228.49,127.787
228.495,124.966
228.5,119.058
228.505,110.202
228.51,96.3352
228.515,78.3933
228.52,59.1803
228.525,38.87
228.53,17.9947
228.535,-1.07924
228.54,-18.2384
228.545,-34.1213
228.55,-47.0329
228.555,-56.4044
228.56,-64.4342
228.565,-71.556
228.57,-76.6816
228.575,-81.1069
228.58,-85.0959
228.585,-86.5313
228.59,-85.9811
228.595,-85.4121
228.6,-84.0604
228.605,-81.6137
228.61,-79.7999
228.615,-78.3691
228.62,-76.1099
228.625,-74.559
228.63,-74.2755
228.635,-73.2952
228.64,-71.7014
228.645,-70.7555
228.65,-69.3004
228.655,-67.0062
228.66,-65.8138
228.665,-65.2972
228.67,-63.9073
228.675,-62.588
228.68,-61.7534
228.685,-59.8821
228.69,-57.8911
228.695,-57.7042
228.7,-57.5563
228.705,-55.7848
228.71,-53.3697
228.715,-50.363
228.72,-45.8094
228.725,-41.638
228.73,-38.6875
228.735,-34.9345
228.74,-30.9274
228.745,-27.5619
228.75,-22.2245
228.755,-13.5702
228.76,-4.47907
228.765,2.45208
228.77,5.67771
228.775,2.12631
228.78,-8.71663
228.785,-22.7301
228.79,-36.7541
228.795,-49.3868
228.8,-58.086
228.805,-62.4873
228.81,-65.265
228.815,-67.0857
228.82,-67.6128
228.825,-68.6819
228.83,-71.3788
228.835,-74.1666
228.84,-75.4415
228.845,-72.3836
228.85,-58.2229
228.855,-21.987
228.86,43.4041
228.865,132.549
228.87,221.949
228.875,278.29
228.88,276.855
228.885,220.742
228.89,135.434
228.895,49.4156
228.9,-16.4133
228.905,-55.8687
228.91,-74.8286
228.915,-80.5744
228.92,-78.806
228.925,-75.4007
228.93,-72.903
228.935,-70.1508
228.94,-67.3731
228.945,-65.4747
228.95,-62.957
228.955,-58.6626
228.96,-53.7372
228.965,-47.9139
228.97,-40.7016
228.975,-34.1577
228.98,-28.8782
228.985,-22.7879
228.99,-15.6753
228.995,-9.25455
229,-2.54508
229.005,5.79291
229.01,14.3393
229.015,22.6498
229.02,32.1105
229.025,42.1339
229.03,52.1531
229.035,63.9944
229.04,77.4145
229.045,89.683
229.05,100.994
229.055,111.812
229.06,120.197
229.065,125.748
229.07,129.746
229.075,131.099
229.08,128.704
229.085,123.519
229.09,114.978
229.095,101.466
229.1,84.5928
229.105,66.118
229.11,45.5381
229.115,24.3944
229.12,5.54674
229.125,-10.9202
229.13,-25.9043
229.135,-38.2019
229.14,-47.673
229.145,-55.8835
229.15,-62.4204
229.155,-66.6672
229.16,-70.3349
229.165,-73.0681
229.17,-73.2784
229.175,-72.5961
229.18,-72.438
229.185,-71.1701
229.19,-68.6752
229.195,-66.9717
229.2,-65.5877
229.205,-63.567
229.21,-62.4021
229.215,-61.8442
229.22,-60.0948
229.225,-58.185
229.23,-57.0268
229.235,-55.058
229.24,-52.5903
229.245,-51.3685
229.25,-50.4842
229.255,-49.1146
229.26,-48.7281
229.265,-49.1704
229.27,-48.7254
229.275,-48.01
229.28,-47.7619
229.285,-46.1284
229.29,-42.7658
229.295,-39.4068
229.3,-35.2151
229.305,-29.9128
229.31,-25.4577
229.315,-21.4015
229.32,-16.2763
229.325,-11.1305
229.33,-6.1153
229.335,0.786255
229.34,8.73214
229.345,14.3371
229.35,16.6552
229.355,14.5923
229.36,5.70049
229.365,-7.64029
229.37,-20.3576
229.375,-31.2597
229.38,-40.1731
229.385,-45.4403
229.39,-47.7204
229.395,-49.2387
229.4,-50.0706
229.405,-50.4287
229.41,-52.8303
229.415,-56.8627
229.42,-57.918
229.425,-53.4619
229.43,-39.4159
229.435,-3.65629
229.44,62.401
229.445,150.195
229.45,234.762
229.455,285.759
229.46,279.72
229.465,221.243
229.47,138.87
229.475,59.8572
229.48,0.282258
229.485,-34.1234
229.49,-48.0554
229.495,-51.0251
229.5,-49.063
229.505,-45.4648
229.51,-42.9016
229.515,-40.4161
229.52,-36.0487
229.525,-31.4149
229.53,-27.9849
229.535,-24.2395
229.54,-20.1212
229.545,-16.7477
229.55,-12.4788
229.555,-6.19901
229.56,0.280651
229.565,6.68278
229.57,14.3613
229.575,22.2809
229.58,29.7774
229.585,38.8298
229.59,49.3814
229.595,59.5438
229.6,69.5997
229.605,80.1157
229.61,89.9782
229.615,100.255
229.62,112.925
229.625,126.255
229.63,138.279
229.635,149.458
229.64,158.836
229.645,164.482
229.65,167.099
229.655,167.243
229.66,163.129
229.665,155.05
229.67,144.853
229.675,131.54
229.68,114.271
229.685,95.3702
229.69,75.9652
229.695,55.7246
229.7,36.6445
229.705,20.0942
229.71,4.6146
229.715,-9.26732
229.72,-19.6978
229.725,-27.8196
229.73,-34.8657
229.735,-39.5742
229.74,-42.6709
229.745,-46.0807
229.75,-48.7899
229.755,-50.0386
229.76,-51.1894
229.765,-51.5231
229.77,-49.4459
229.775,-46.8079
229.78,-45.3623
229.785,-43.7337
229.79,-41.7512
229.795,-40.4093
229.8,-38.3387
229.805,-35.054
229.81,-32.6167
229.815,-31.3099
229.82,-29.9985
229.825,-29.5631
229.83,-29.9775
229.835,-29.4085
229.84,-28.5731
229.845,-29.1645
229.85,-29.7003
229.855,-28.9596
229.86,-28.4258
229.865,-27.6943
229.87,-24.9473
229.875,-21.5729
229.88,-18.5016
229.885,-14.5011
229.89,-10.1577
229.895,-7.30099
229.9,-5.32355
229.905,-2.86118
229.91,0.383208
229.915,5.70044
229.92,13.1763
229.925,18.9236
229.93,19.6296
229.935,15.0945
229.94,4.87521
229.945,-9.65135
229.95,-23.9202
229.955,-35.2667
229.96,-44.1141
229.965,-49.8169
229.97,-51.6614
229.975,-52.2922
229.98,-53.6451
229.985,-54.6807
229.99,-55.8693
229.995,-58.36
230,-58.8365
230.005,-53.231
230.01,-37.6704
230.015,-1.04344
230.02,65.6307
230.025,153.624
230.03,237.509
230.035,288.282
230.04,282.736
230.045,222.368
230.05,135.204
230.055,51.5737
230.06,-11.9695
230.065,-50.326
230.07,-66.2684
230.075,-68.676
230.08,-65.3615
230.085,-59.4376
230.09,-53.4249
230.095,-49.6067
230.1,-46.8335
230.105,-43.6815
230.11,-40.611
230.115,-36.4449
230.12,-29.9354
230.125,-22.9645
230.13,-16.7198
230.135,-10.0074
230.14,-3.15763
230.145,2.65184
230.15,9.04983
230.155,17.1031
230.16,24.9388
230.165,32.5777
230.17,41.4047
230.175,50.5739
230.18,60.1188
230.185,71.7832
230.19,84.4875
230.195,96.1675
230.2,108.055
230.205,120.618
230.21,131.646
230.215,141.027
230.22,149.601
230.225,155.541
230.23,158.34
230.235,159.589
230.24,157.978
230.245,151.193
230.25,140.164
230.255,125.781
230.26,107.373
230.265,86.8449
230.27,66.6488
230.275,46.1775
230.28,25.9542
230.285,8.67869
230.29,-5.7927
230.295,-18.9368
230.3,-29.8616
230.305,-38.2887
230.31,-45.3923
230.315,-50.3055
230.32,-52.1478
230.325,-52.7367
230.33,-53.0004
230.335,-51.6591
230.34,-49.3104
230.345,-47.8887
230.35,-47.3091
230.355,-47.3016
230.36,-48.81
230.365,-50.5147
230.37,-50.3462
230.375,-49.3753
230.38,-48.1106
230.385,-45.3119
230.39,-42.3202
230.395,-41.1243
230.4,-40.6584
230.405,-40.1826
230.41,-40.4837
230.415,-40.5518
230.42,-39.0926
230.425,-37.919
230.43,-37.9647
230.435,-37.4891
230.44,-36.7356
230.445,-36.7079
230.45,-35.2724
230.455,-31.7518
230.46,-28.4414
230.465,-25.1409
230.47,-21.1161
230.475,-18.0468
230.48,-16.1054
230.485,-13.3235
230.49,-9.6411
230.495,-5.2987
230.5,1.25429
230.505,8.41347
230.51,11.8827
230.515,10.321
230.52,3.7299
230.525,-8.65362
230.53,-24.4057
230.535,-38.4133
230.54,-48.9976
230.545,-56.8359
230.55,-61.1593
230.555,-62.8991
230.56,-64.7084
230.565,-66.3565
230.57,-67.1527
230.575,-69.061
230.58,-71.7062
230.585,-70.1169
230.59,-60.6861
230.595,-37.6834
230.6,11.0915
230.605,90.2054
230.61,184.835
230.615,266.037
230.62,303.48
230.625,278.51
230.63,203.465
230.635,111.481
230.64,30.3383
230.645,-27.0033
230.65,-58.4019
230.655,-69.9758
230.66,-71.5102
230.665,-68.7212
230.67,-64.1866
230.675,-60.6874
230.68,-58.2882
230.685,-54.8883
230.69,-50.8027
230.695,-46.7544
230.7,-41.153
230.705,-34.0772
230.71,-27.6997
230.715,-21.5706
230.72,-14.4361
230.725,-7.99395
230.73,-2.56092
230.735,3.93019
230.74,11.0104
230.745,17.7543
230.75,25.8737
230.755,35.744
230.76,45.6367
230.765,56.2627
230.77,68.8431
230.775,81.6434
230.78,94.2365
230.785,107.724
230.79,120.325
230.795,130.453
230.8,139.525
230.805,147.753
230.81,152.878
230.815,154.807
230.82,154.365
230.825,150.051
230.83,141.143
230.835,128.848
230.84,112.636
230.845,92.354
230.85,71.018
230.855,50.4602
230.86,30.2353
230.865,11.4293
230.87,-4.54983
230.875,-18.8739
230.88,-31.8035
230.885,-41.8644
230.89,-49.6847
230.895,-56.2294
230.9,-60.0448
230.905,-61.1215
230.91,-61.5803
230.915,-61.0156
230.92,-58.6774
230.925,-56.6269
230.93,-55.6107
230.935,-53.8473
230.94,-52.1314
230.945,-52.3011
230.95,-52.715
230.955,-51.8124
230.96,-51.2137
230.965,-51.1621
230.97,-50.2527
230.975,-49.4088
230.98,-49.2076
230.985,-48.235
230.99,-47.0256
230.995,-46.9612
231,-46.8258
231.005,-45.7642
231.01,-45.5003
231.015,-45.9913
231.02,-45.9376
231.025,-46.5056
231.03,-48.2246
231.035,-48.9798
231.04,-48.2414
231.045,-46.8981
231.05,-43.7146
231.055,-38.5725
231.06,-34.2023
231.065,-30.4671
231.07,-25.3093
231.075,-19.8988
231.08,-15.035
231.085,-8.51262
231.09,-0.644084
231.095,5.53305
231.1,8.83768
231.105,7.893
231.11,-0.291459
231.115,-14.1405
231.12,-28.7479
231.125,-42.0704
231.13,-52.8282
231.135,-59.1618
231.14,-62.2128
231.145,-64.4518
231.15,-65.6767
231.155,-65.9212
231.16,-67.3484
231.165,-70.099
231.17,-72.3132
231.175,-72.3553
231.18,-66.9001
231.185,-47.137
231.19,-1.93513
231.195,72.1338
231.2,163.316
231.205,243.043
231.21,279.178
231.215,255.098
231.22,184.026
231.225,95.5868
231.23,16.659
231.235,-37.6815
231.24,-66.9531
231.245,-78.9541
231.25,-80.4567
231.255,-76.7935
231.26,-72.8794
231.265,-69.9832
231.27,-67.1517
231.275,-64.8606
231.28,-63.0092
231.285,-59.4052
231.29,-54.067
231.295,-48.4711
231.3,-41.7458
231.305,-33.7054
231.31,-26.5785
231.315,-20.234
231.32,-13.0047
231.325,-5.61921
231.33,1.58442
231.335,10.209
231.34,19.88
231.345,29.1362
231.35,39.1515
231.355,50.6666
231.36,62.1297
231.365,73.9953
231.37,86.9921
231.375,99.2725
231.38,109.996
231.385,120.661
231.39,130.275
231.395,136.714
231.4,141.162
231.405,143.94
231.41,142.869
231.415,137.892
231.42,129.734
231.425,117.038
231.43,99.6362
231.435,80.0506
231.44,59.0452
231.445,36.4348
231.45,14.7567
231.455,-4.25972
231.46,-21.1566
231.465,-35.0339
231.47,-44.9806
231.475,-52.8675
231.48,-59.6244
231.485,-63.8236
231.49,-66.3601
231.495,-69.3948
231.5,-71.4659
231.505,-71.3854
231.51,-70.7625
231.515,-69.7749
231.52,-67.8052
231.525,-65.977
231.53,-64.5851
231.535,-62.0376
231.54,-59.09
231.545,-57.675
231.55,-56.753
231.555,-55.514
231.56,-55.1518
231.565,-54.7339
231.57,-52.4573
231.575,-49.7235
231.58,-47.7326
231.585,-45.6891
231.59,-44.6663
231.595,-45.8655
231.6,-47.3111
231.605,-48.0767
231.61,-49.8344
231.615,-51.7606
231.62,-52.0097
231.625,-51.5612
231.63,-50.4753
231.635,-46.8912
231.64,-42.1994
231.645,-38.4876
231.65,-34.7038
231.655,-30.7847
231.66,-28.2754
231.665,-26.2331
231.67,-23.1531
231.675,-19.6236
231.68,-15.0528
231.685,-8.05921
231.69,-0.953295
231.695,2.82559
231.7,2.17174
231.705,-4.15074
231.71,-16.5083
231.715,-30.8043
231.72,-42.0037
231.725,-49.3547
231.73,-53.7198
231.735,-55.1044
231.74,-55.6106
231.745,-57.7194
231.75,-59.9878
231.755,-61.5398
231.76,-64.0816
231.765,-66.2066
231.77,-63.7379
231.775,-53.9514
231.78,-29.7988
231.785,21.278
231.79,101.071
231.795,190.604
231.8,259.929
231.805,280.357
231.81,241.088
231.815,162.756
231.82,77.7539
231.825,7.54886
231.83,-39.0114
231.835,-61.9089
231.84,-68.8713
231.845,-68.6397
231.85,-65.2593
231.855,-61.423
231.86,-59.5819
231.865,-58.5097
231.87,-55.8949
231.875,-52.4424
231.88,-48.3948
231.885,-42.449
231.89,-35.7269
231.895,-29.8917
231.9,-23.7174
231.905,-16.8253
231.91,-10.8644
231.915,-5.20122
231.92,1.41698
231.925,7.81968
231.93,14.4453
231.935,23.399
231.94,33.7134
231.945,43.8592
231.95,54.9642
231.955,67.0605
231.96,78.6143
231.965,90.2479
231.97,102.502
231.975,113.321
231.98,122.263
231.985,131.131
231.99,138.665
231.995,142.555
232,143.582
232.005,142.305
232.01,137.213
232.015,128.881
232.02,117.989
232.025,102.659
232.03,83.0032
232.035,62.1752
232.04,41.3702
232.045,20.5365
232.05,2.03902
232.055,-12.7165
232.06,-25.3349
232.065,-35.5871
232.07,-42.6411
232.075,-48.2474
232.08,-53.1561
232.085,-56.3894
232.09,-58.5993
232.095,-60.4622
232.1,-60.6597
232.105,-59.246
232.11,-58.1404
232.115,-57.1387
232.12,-55.4076
232.125,-54.3368
232.13,-53.6623
232.135,-51.4793
232.14,-48.867
232.145,-47.6043
232.15,-46.5087
232.155,-44.9954
232.16,-44.5413
232.165,-44.7327
232.17,-43.9573
232.175,-43.1895
232.18,-42.6971
232.185,-41.4597
232.19,-40.614
232.195,-41.3936
232.2,-42.4618
232.205,-43.2653
232.21,-44.7549
232.215,-45.861
232.22,-45.7073
232.225,-45.7691
232.23,-45.6547
232.235,-43.7578
232.24,-41.2197
232.245,-39.0781
232.25,-35.9039
232.255,-31.6482
232.26,-28.4916
232.265,-25.2874
232.27,-19.5531
232.275,-12.0645
232.28,-3.93
232.285,4.48895
232.29,9.95356
232.295,8.91765
232.3,1.54718
232.305,-10.2826
232.31,-24.9087
232.315,-38.4241
232.32,-47.39
232.325,-52.7345
232.33,-55.7391
232.335,-56.2392
232.34,-56.1746
232.345,-57.4461
232.35,-58.9557
232.355,-60.4875
232.36,-62.1176
232.365,-59.5764
232.37,-47.6449
232.375,-19.6018
232.38,34.38
232.385,115.09
232.39,201.945
232.395,263.078
232.4,273.559
232.405,228.617
232.41,148.254
232.415,63.5588
232.42,-2.83445
232.425,-45.0266
232.43,-66.3724
232.435,-72.3973
232.44,-70.4302
232.445,-66.367
232.45,-62.4479
232.455,-59.7376
232.46,-59.0072
232.465,-58.1595
232.47,-55.3828
232.475,-51.9055
232.48,-47.7233
232.485,-41.5797
232.49,-34.6728
232.495,-28.5139
232.5,-21.7846
232.505,-14.2502
232.51,-7.72364
232.515,-1.64494
232.52,5.18642
232.525,11.5149
232.53,17.7901
232.535,26.188
232.54,35.9144
232.545,45.3409
232.55,55.5114
232.555,66.5113
232.56,76.7164
232.565,86.8317
232.57,97.5709
232.575,107.27
232.58,115.476
232.585,122.501
232.59,126.655
232.595,127.154
232.6,125.205
232.605,120.012
232.61,109.924
232.615,95.9394
232.62,79.3686
232.625,59.6491
232.63,38.2197
232.635,18.2218
232.64,0.0780945
232.645,-16.8209
232.65,-30.9609
232.655,-42.312
232.66,-52.5263
232.665,-60.7283
232.67,-66.1366
232.675,-70.8028
232.68,-75.1005
232.685,-77.2702
232.69,-78.2833
232.695,-79.4048
232.7,-79.2603
232.705,-78.1966
232.71,-78.1454
232.715,-77.9385
232.72,-76.2602
232.725,-74.8092
232.73,-73.8648
232.735,-72.0051
232.74,-70.2443
232.745,-69.485
232.75,-68.1181
232.755,-66.0681
232.76,-65.1832
232.765,-64.9424
232.77,-64.1187
232.775,-63.4442
232.78,-62.532
232.785,-60.371
232.79,-58.6378
232.795,-58.7333
232.8,-58.8346
232.805,-58.293
232.81,-58.5446
232.815,-59.1363
232.82,-59.242
232.825,-59.9035
232.83,-60.1067
232.835,-57.5756
232.84,-54.1474
232.845,-51.3585
232.85,-47.8279
232.855,-44.2428
232.86,-42.6851
232.865,-41.6913
232.87,-38.5508
232.875,-33.1186
232.88,-25.3448
232.885,-15.464
232.89,-7.49226
232.895,-5.88799
232.9,-10.8202
232.905,-20.7814
232.91,-34.2244
232.915,-47.3991
232.92,-56.8942
232.925,-63.3497
232.93,-67.608
232.935,-68.6107
232.94,-67.9862
232.945,-68.7749
232.95,-70.4722
232.955,-72.3349
232.96,-75.2133
232.965,-76.1776
232.97,-70.3636
232.975,-54.235
232.98,-18.6123
232.985,45.7207
232.99,132.002
232.995,215.146
233,265.628
233.005,260.989
233.01,202.675
233.015,117.498
233.02,35.6137
233.025,-26.5551
233.03,-64.786
233.035,-81.306
233.04,-83.941
233.045,-81.1498
233.05,-76.5406
233.055,-71.9385
233.06,-69.4484
233.065,-67.9619
233.07,-64.7834
233.075,-60.4138
233.08,-55.8016
233.085,-49.9698
233.09,-43.5087
233.095,-37.8101
233.1,-31.5894
233.105,-24.6473
233.11,-18.8007
233.115,-13.291
233.12,-6.52521
233.125,0.0544485
233.13,5.9102
233.135,13.0502
233.14,21.3346
233.145,29.4604
233.15,38.6171
233.155,49.3773
233.16,60.3024
233.165,71.8956
233.17,85.081
233.175,97.5996
233.18,107.878
233.185,116.731
233.19,123.125
233.195,125.584
233.2,125.509
233.205,123.248
233.21,116.549
233.215,105.512
233.22,91.6205
233.225,74.3972
233.23,54.4836
233.235,34.732
233.24,15.8449
233.245,-2.86382
233.25,-19.8718
233.255,-34.4149
233.26,-47.6535
233.265,-58.6869
233.27,-66.1306
233.275,-71.7495
233.28,-76.4667
233.285,-79.1179
233.29,-80.638
233.295,-82.2911
233.3,-82.8675
233.305,-82.4793
233.31,-82.8218
233.315,-83.2652
233.32,-82.5137
233.325,-82.0062
233.33,-82.1337
233.335,-81.0243
233.34,-79.077
233.345,-77.8599
233.35,-76.1782
233.355,-73.6337
233.36,-72.0863
233.365,-70.9094
233.37,-68.5257
233.375,-66.5369
233.38,-65.8046
233.385,-64.6617
233.39,-63.1909
233.395,-62.7086
233.4,-62.2327
233.405,-61.3318
233.41,-61.7241
233.415,-62.7247
233.42,-62.7388
233.425,-62.9467
233.43,-63.702
233.435,-63.1924
233.44,-61.4031
233.445,-59.247
233.45,-55.9677
233.455,-51.4995
233.46,-47.5904
233.465,-44.0272
233.47,-39.5438
233.475,-35.5149
233.48,-31.9727
233.485,-26.2968
233.49,-18.3694
233.495,-10.5912
233.5,-3.99152
233.505,-0.555207
233.51,-3.69935
233.515,-13.0477
233.52,-25.4806
233.525,-39.3406
233.53,-52.1389
233.535,-60.6506
233.54,-65.3736
233.545,-68.3127
233.55,-69.4123
233.555,-69.5958
233.56,-70.8575
233.565,-72.5575
233.57,-73.6902
233.575,-74.4572
233.58,-71.6771
233.585,-57.9039
233.59,-22.925
233.595,40.7354
233.6,129.091
233.605,218.708
233.61,275.868
233.615,275.773
233.62,220.381
233.625,134.525
233.63,48.6026
233.635,-15.9808
233.64,-54.1242
233.645,-71.3499
233.65,-74.3597
233.655,-70.1994
233.66,-65.2231
233.665,-60.8513
233.67,-56.5686
233.675,-53.7632
233.68,-52.4862
233.685,-50.3619
233.69,-46.9358
233.695,-42.6935
233.7,-36.3448
233.705,-28.5704
233.71,-22.0833
233.715,-16.4425
233.72,-10.1706
233.725,-3.95091
233.73,2.34915
233.735,9.95614
233.74,18.1012
233.745,25.9548
233.75,35.322
233.755,46.1986
233.76,56.4106
233.765,66.6454
233.77,77.9858
233.775,88.819
233.78,98.7802
233.785,109.309
233.79,119.17
233.795,126.701
233.8,133.298
233.805,139.062
233.81,141.476
233.815,140.262
233.82,135.919
233.825,126.55
233.83,111.588
233.835,93.5053
233.84,73.2972
233.845,51.5897
233.85,31.2534
233.855,13.5867
233.86,-2.80655
233.865,-17.4477
233.87,-29.0793
233.875,-38.9859
233.88,-47.4593
233.885,-52.9552
233.89,-56.4206
233.895,-59.509
233.9,-61.4009
233.905,-62.34
233.91,-64.0206
233.915,-65.4333
233.92,-65.2135
233.925,-64.6498
233.93,-63.941
233.935,-61.8988
233.94,-59.7609
233.945,-59.031
233.95,-58.3299
233.955,-57.0479
233.96,-56.2123
233.965,-54.8839
233.97,-52.417
233.975,-50.8423
233.98,-50.534
233.985,-49.9019
233.99,-49.4817
233.995,-49.7074
234,-48.8509
234.005,-47.1854
234.01,-46.8072
234.015,-47.1013
234.02,-46.9437
234.025,-47.47
234.03,-48.4217
234.035,-48.0883
234.04,-47.6021
234.045,-48.442
234.05,-48.6659
234.055,-46.9673
234.06,-44.9412
234.065,-42.2794
234.07,-38.5498
234.075,-35.6308
234.08,-32.9847
234.085,-28.6555
234.09,-23.8802
234.095,-19.653
234.1,-13.6393
234.105,-6.04799
234.11,-0.497564
234.115,1.47188
234.12,-1.36629
234.125,-11.2097
234.13,-25.9127
234.135,-40.3088
234.14,-51.9864
234.145,-60.6836
234.15,-65.2054
234.155,-66.2691
234.16,-66.8496
234.165,-67.412
234.17,-67.4141
234.175,-68.7779
234.18,-71.9549
234.185,-73.5564
234.19,-70.3734
234.195,-58.1428
234.2,-25.1147
234.205,38.5545
234.21,127.663
234.215,219.754
234.22,282.695
234.225,287.911
234.23,233.394
234.235,146.439
234.24,58.2959
234.245,-11.0043
234.25,-53.7795
234.255,-73.5417
234.26,-79.4433
234.265,-78.012
234.27,-73.4094
234.275,-69.6019
234.28,-67.0437
234.285,-63.7286
234.29,-60.0892
234.295,-56.9211
234.3,-52.5914
234.305,-47.0266
234.31,-41.6168
234.315,-35.229
234.32,-27.305
234.325,-20.136
234.33,-13.9992
234.335,-6.96925
234.34,0.50938
234.345,7.68204
234.35,16.2736
234.355,26.1566
234.36,35.3091
234.365,44.5207
234.37,55.0755
234.375,65.6413
234.38,76.1843
234.385,88.2866
234.39,100.701
234.395,111.775
234.4,122.546
234.405,132.522
234.41,139.363
234.415,143.069
234.42,144.022
234.425,140.795
234.43,133.74
234.435,124.582
234.44,112.413
234.445,96.4763
234.45,78.8526
234.455,60.0665
234.46,39.5175
234.465,19.6316
234.47,2.53347
234.475,-13.197
234.48,-27.236
234.485,-37.11
234.49,-43.683
234.495,-48.8283
234.5,-52.0588
234.505,-54.0905
234.51,-56.6745
234.515,-58.5502
234.52,-58.452
234.525,-58.2276
234.53,-57.9541
234.535,-55.928
234.54,-53.391
234.545,-51.7495
234.55,-49.7443
234.555,-47.4675
234.56,-46.3897
234.565,-45.5633
234.57,-43.7874
234.575,-42.4548
234.58,-41.418
234.585,-39.2521
234.59,-37.4226
234.595,-37.1031
234.6,-36.6681
234.605,-35.583
234.61,-35.1665
234.615,-35.0045
234.62,-34.5503
234.625,-34.8313
234.63,-35.6348
234.635,-35.8951
234.64,-36.8584
234.645,-39.2706
234.65,-40.9681
234.655,-41.4116
234.66,-41.452
234.665,-39.4447
234.67,-34.7606
234.675,-29.8853
234.68,-25.3342
234.685,-19.9002
234.69,-14.4708
234.695,-9.58691
234.7,-4.0179
234.705,2.04171
234.71,7.70001
234.715,13.7753
234.72,19.5933
234.725,21.9416
234.73,19.4997
234.735,12.8433
234.74,1.49866
234.745,-13.3141
234.75,-26.7175
234.755,-35.9018
234.76,-41.5599
234.765,-43.9881
234.77,-43.9626
234.775,-44.2301
234.78,-45.3423
234.785,-46.4215
234.79,-49.0251
234.795,-52.98
234.8,-52.7899
234.805,-43.8023
234.81,-20.3844
234.815,28.8355
234.82,107.883
234.825,199.978
234.83,274.341
234.835,301.81
234.84,268.297
234.845,190.054
234.85,100.294
234.855,24.4063
234.86,-27.4034
234.865,-54.1464
234.87,-61.8603
234.875,-60.8101
234.88,-57.0449
234.885,-51.9945
234.89,-47.6828
234.895,-45.0261
234.9,-41.8316
234.905,-37.5965
234.91,-33.486
234.915,-28.6857
234.92,-22.7184
234.925,-17.2925
234.93,-12.0431
234.935,-5.19317
234.94,2.20099
234.945,8.82889
234.95,15.9338
234.955,23.596
234.96,31.3082
234.965,40.6019
234.97,51.7319
234.975,62.2417
234.98,71.7641
234.985,82.5919
234.99,94.8657
234.995,107.362
235,121.012
235.005,135.461
235.01,148.135
235.015,158.882
235.02,168.514
235.025,175.056
235.03,177.339
235.035,176.947
235.04,173.491
235.045,165.283
235.05,152.992
235.055,136.979
235.06,116.867
235.065,95.0843
235.07,73.9885
235.075,52.6738
235.08,31.5407
235.085,13.6334
235.09,-0.682083
235.095,-12.8539
235.1,-22.1499
235.105,-28.7288
235.11,-34.5159
235.115,-38.9334
235.12,-40.5716
235.125,-41.1205
235.13,-41.571
235.135,-40.8455
235.14,-39.7919
235.145,-39.3758
235.15,-38.0211
235.155,-35.77
235.16,-34.5922
235.165,-33.5493
235.17,-31.2711
235.175,-29.2929
235.18,-27.9289
235.185,-25.5999
235.19,-23.2815
235.195,-22.546
235.2,-22.0865
235.205,-21.6712
235.21,-22.7114
235.215,-23.9558
235.22,-23.9019
235.225,-24.1175
235.23,-24.976
235.235,-24.8674
235.24,-24.4162
235.245,-24.9592
235.25,-25.4701
235.255,-25.6777
235.26,-26.7886
235.265,-27.5082
235.27,-25.8624
235.275,-23.2554
235.28,-20.6461
235.285,-16.7629
235.29,-11.895
235.295,-6.80244
235.3,-0.696939
235.305,5.37079
235.31,9.30054
235.315,12.6495
235.32,17.5769
235.325,22.2086
235.33,24.4971
235.335,24.1938
235.34,18.8556
235.345,7.40038
235.35,-6.12631
235.355,-18.4577
235.36,-29.4914
235.365,-37.6878
235.37,-41.8387
235.375,-44.1486
235.38,-46.0737
235.385,-47.0096
235.39,-48.3251
235.395,-51.5795
235.4,-54.791
235.405,-54.4803
235.41,-47.8242
235.415,-27.3822
235.42,19.1782
235.425,96.1034
235.43,191.3
235.435,276.227
235.44,317.134
235.445,294.506
235.45,221.319
235.455,128.886
235.46,44.8034
235.465,-14.5567
235.47,-46.6279
235.475,-59.6344
235.48,-62.16
235.485,-58.8525
235.49,-53.9817
235.495,-50.5428
235.5,-47.677
235.505,-44.6994
235.51,-42.3966
235.515,-39.3929
235.52,-34.4239
235.525,-29.081
235.53,-23.797
235.535,-17.1965
235.54,-10.2053
235.545,-3.95912
235.55,3.09977
235.555,10.8855
235.56,17.7543
235.565,24.7728
235.57,33.3718
235.575,42.3863
235.58,51.7991
235.585,62.8627
235.59,74.5901
235.595,85.5821
235.6,96.6884
235.605,107.847
235.61,117.563
235.615,126.57
235.62,135.807
235.625,143.316
235.63,148.375
235.635,152.11
235.64,152.859
235.645,148.86
235.65,141.309
235.655,130.397
235.66,114.813
235.665,96.2163
235.67,76.7359
235.675,55.6019
235.68,33.7021
235.685,14.1151
235.69,-2.8516
235.695,-17.8024
235.7,-29.153
235.705,-37.2902
235.71,-44.8759
235.715,-51.5453
235.72,-56.1039
235.725,-59.7718
235.73,-62.4574
235.735,-62.9812
235.74,-62.5368
235.745,-62.167
235.75,-60.5834
235.755,-58.083
235.76,-56.7863
235.765,-56.2907
235.77,-55.6389
235.775,-56.1332
235.78,-57.3717
235.785,-57.1899
235.79,-56.3015
235.795,-55.788
235.8,-54.105
235.805,-51.5576
235.81,-50.2287
235.815,-49.4705
235.82,-48.1724
235.825,-47.7163
235.83,-47.9036
235.835,-47.3664
235.84,-47.26
235.845,-48.0426
235.85,-47.8999
235.855,-47.2108
235.86,-47.7511
235.865,-47.8672
235.87,-45.7667
235.875,-42.6698
235.88,-38.979
235.885,-33.6485
235.89,-28.11
235.895,-23.3603
235.9,-17.5253
235.905,-11.1214
235.91,-6.08895
235.915,-0.688512
235.92,6.44609
235.925,12.3803
235.93,15.0612
235.935,14.4904
235.94,8.22456
235.945,-4.68123
235.95,-20.0705
235.955,-34.3178
235.96,-46.3024
235.965,-54.3447
235.97,-58.4564
235.975,-61.6333
235.98,-65.0645
235.985,-67.6078
235.99,-69.9246
235.995,-72.9823
236,-75.112
236.005,-74.0825
236.01,-67.9123
236.015,-49.5732
236.02,-7.03304
236.025,65.1406
236.03,157.058
236.035,242.119
236.04,287.656
236.045,272.551
236.05,206.068
236.055,117.557
236.06,34.8546
236.065,-24.578
236.07,-57.2961
236.075,-70.8223
236.08,-73.4816
236.085,-70.4016
236.09,-66.6289
236.095,-64.7178
236.1,-62.8528
236.105,-59.9248
236.11,-56.9905
236.115,-53.4645
236.12,-48.232
236.125,-42.5723
236.13,-36.6834
236.135,-29.3924
236.14,-22.1875
236.145,-16.1418
236.15,-9.62861
236.155,-2.32659
236.16,4.51068
236.165,11.691
236.17,20.3525
236.175,29.2993
236.18,38.9712
236.185,50.547
236.19,62.5752
236.195,73.852
236.2,86.0764
236.205,99.1384
236.21,110.763
236.215,121.338
236.22,131.186
236.225,138.128
236.23,141.854
236.235,143.656
236.24,142.136
236.245,136.589
236.25,129.004
236.255,119.36
236.26,105.909
236.265,89.3322
236.27,71.0734
236.275,51.1387
236.28,30.9934
236.285,13.3496
236.29,-1.9803
236.295,-16.024
236.3,-27.449
236.305,-36.1609
236.31,-43.6798
236.315,-48.9413
236.32,-51.4106
236.325,-53.4154
236.33,-55.1917
236.335,-55.2424
236.34,-54.6668
236.345,-54.7824
236.35,-53.9456
236.355,-51.6737
236.36,-49.7163
236.365,-47.5765
236.37,-44.6609
236.375,-43.0366
236.38,-42.6216
236.385,-41.2523
236.39,-39.6701
236.395,-38.9351
236.4,-37.5624
236.405,-35.621
236.41,-34.7938
236.415,-34.2133
236.42,-33.1437
236.425,-33.2765
236.43,-34.2121
236.435,-34.4385
236.44,-35.1068
236.445,-36.8539
236.45,-37.5676
236.455,-36.8827
236.46,-35.9578
236.465,-33.8162
236.47,-29.8956
236.475,-25.6444
236.48,-21.3006
236.485,-15.8217
236.49,-10.6503
236.495,-6.97937
236.5,-2.45832
236.505,4.1293
236.51,11.6386
236.515,19.3034
236.52,24.726
236.525,23.9225
236.53,16.0742
236.535,4.39422
236.54,-8.84467
236.545,-21.5506
236.55,-30.312
236.555,-35.0449
236.56,-38.1571
236.565,-39.5915
236.57,-39.6343
236.575,-40.6237
236.58,-42.6228
236.585,-44.3546
236.59,-46.2786
236.595,-45.6814
236.6,-36.7034
236.605,-12.8185
236.61,34.291
236.615,108.04
236.62,193.205
236.625,259.334
236.63,279.247
236.635,244.431
236.64,171.332
236.645,88.3314
236.65,19.5636
236.655,-25.6123
236.66,-49.703
236.665,-57.8347
236.67,-56.4517
236.675,-52.8689
236.68,-49.8803
236.685,-47.0268
236.69,-45.2934
236.695,-44.7083
236.7,-42.7217
236.705,-39.0721
236.71,-35.4492
236.715,-30.886
236.72,-24.575
236.725,-18.4396
236.73,-12.8387
236.735,-6.35748
236.74,0.00780664
236.745,5.54259
236.75,11.8359
236.755,18.6492
236.76,24.7613
236.765,31.9633
236.77,41.3404
236.775,51.1296
236.78,61.3557
236.785,73.1709
236.79,85.2278
236.795,96.6382
236.8,108.719
236.805,120.323
236.81,129.078
236.815,135.745
236.82,140.572
236.825,141.274
236.83,137.518
236.835,130.776
236.84,120.158
236.845,105.377
236.85,88.418
236.855,69.6708
236.86,48.8587
236.865,28.187
236.87,9.20478
236.875,-8.9973
236.88,-25.4018
236.885,-37.9346
236.89,-47.6084
236.895,-55.6388
236.9,-61.1307
236.905,-64.745
236.91,-68.7423
236.915,-72.4807
236.92,-74.3341
236.925,-75.4466
236.93,-76.3977
236.935,-75.7209
236.94,-74.1326
236.945,-73.0941
236.95,-71.5483
236.955,-69.6354
236.96,-69.1474
236.965,-69.3334
236.97,-68.7147
236.975,-68.263
236.98,-67.9541
236.985,-66.3287
236.99,-64.5096
236.995,-64.0634
237,-63.5503
237.005,-62.4286
237.01,-62.2517
237.015,-62.3546
237.02,-61.5879
237.025,-61.4621
237.03,-62.5236
237.035,-63.1737
237.04,-63.5827
237.045,-64.0422
237.05,-62.5309
237.055,-58.9635
237.06,-55.2454
237.065,-51.4956
237.07,-47.5748
237.075,-44.6527
237.08,-42.6302
237.085,-39.5367
237.09,-34.9853
237.095,-29.0801
237.1,-21.1237
237.105,-13.1456
237.11,-9.41506
237.115,-11.546
237.12,-19.653
237.125,-33.2593
237.13,-48.7394
237.135,-60.9467
237.14,-68.9544
237.145,-74.308
237.15,-76.9209
237.155,-77.8214
237.16,-79.6132
237.165,-81.9839
237.17,-83.7545
237.175,-86.0336
237.18,-87.3499
237.185,-82.7806
237.19,-69.0532
237.195,-38.5369
237.2,20.4973
237.205,106.474
237.21,196.266
237.215,258.767
237.22,268.3
237.225,219.578
237.23,136.176
237.235,50.5959
237.24,-17.0448
237.245,-60.7838
237.25,-81.9218
237.255,-87.4315
237.26,-86.4013
237.265,-83.4532
237.27,-79.8116
237.275,-77.3078
237.28,-75.7489
237.285,-72.8658
237.29,-68.6465
237.295,-63.7489
237.3,-57.1615
237.305,-49.5557
237.31,-42.9049
237.315,-36.447
237.32,-29.2746
237.325,-22.8887
237.33,-17.3196
237.335,-10.6685
237.34,-3.37852
237.345,3.60132
237.35,12.0487
237.355,22.3076
237.36,32.6957
237.365,43.8976
237.37,56.8577
237.375,69.8199
237.38,82.3659
237.385,95.6573
237.39,108.234
237.395,118.043
237.4,125.964
237.405,131.982
237.41,134.649
237.415,134.798
237.42,133.02
237.425,127.182
237.43,116.697
237.435,103.166
237.44,86.321
237.445,66.001
237.45,45.0801
237.455,25.0516
237.46,5.36823
237.465,-12.4576
237.47,-26.7069
237.475,-38.3193
237.48,-47.6882
237.485,-54.2576
237.49,-59.6631
237.495,-65.2987
237.5,-69.6222
237.505,-72.2907
237.51,-74.6745
237.515,-75.855
237.52,-74.9129
237.525,-74.0234
237.53,-73.9827
237.535,-73.1244
237.54,-72.0771
237.545,-71.6825
237.55,-70.3182
237.555,-67.7845
237.56,-66.043
237.565,-64.8202
237.57,-63.243
237.575,-62.8531
237.58,-63.556
237.585,-63.1902
237.59,-62.46
237.595,-62.7066
237.6,-62.5516
237.605,-61.9824
237.61,-62.7203
237.615,-63.7159
237.62,-63.6731
237.625,-63.9283
237.63,-64.7341
237.635,-64.4183
237.64,-62.9692
237.645,-61.0275
237.65,-57.2397
237.655,-52.0196
237.66,-47.6056
237.665,-43.2346
237.67,-37.9551
237.675,-33.2365
237.68,-28.3154
237.685,-20.7906
237.69,-12.4579
237.695,-6.5428
237.7,-3.88439
237.705,-6.41281
237.71,-16.1413
237.715,-29.7713
237.72,-42.8232
237.725,-54.1725
237.73,-62.9209
237.735,-67.6937
237.74,-70.2458
237.745,-72.5124
237.75,-73.5535
237.755,-73.7204
237.76,-75.101
237.765,-77.3349
237.77,-78.1602
237.775,-75.3053
237.78,-63.9831
237.785,-33.3282
237.79,25.8768
237.795,111.122
237.8,203.109
237.805,269.877
237.81,282.382
237.815,235.669
237.82,152.865
237.825,64.2227
237.83,-7.70762
237.835,-53.2475
237.84,-75.7709
237.845,-83.6674
237.85,-83.0632
237.855,-79.3736
237.86,-76.869
237.865,-74.9999
237.87,-71.9356
237.875,-68.7056
237.88,-65.4314
237.885,-60.4129
237.89,-54.6721
237.895,-49.5112
237.9,-43.5167
237.905,-36.746
237.91,-31.0395
237.915,-25.3982
237.92,-18.508
237.925,-11.4378
237.93,-4.11064
237.935,4.73211
237.94,13.8091
237.945,22.5919
237.95,33.2531
237.955,45.8148
237.96,58.563
237.965,71.9758
237.97,86.0474
237.975,98.7384
237.98,110.125
237.985,121.663
237.99,131.722
237.995,138.482
238,142.746
238.005,144.043
238.01,140.673
238.015,133.799
238.02,124.45
238.025,111.04
238.03,93.6992
238.035,74.6716
238.04,54.1016
238.045,32.3731
238.05,12.2629
238.055,-5.40462
238.06,-21.6373
238.065,-35.2181
238.07,-45.2575
238.075,-53.5144
238.08,-60.2068
238.085,-64.1233
238.09,-66.5781
238.095,-68.4712
238.1,-68.4501
238.105,-67.0469
238.11,-66.2947
238.115,-65.8699
238.12,-65.4728
238.125,-66.1608
238.13,-67.2548
238.135,-67.2099
238.14,-66.6116
238.145,-66.0981
238.15,-64.2988
238.155,-61.8269
238.16,-60.529
238.165,-59.2453
238.17,-57.0016
238.175,-55.5454
238.18,-54.8798
238.185,-53.6131
238.19,-52.7375
238.195,-53.1173
238.2,-53.028
238.205,-52.3088
238.21,-52.6838
238.215,-53.2492
238.22,-52.6173
238.225,-51.2389
238.23,-48.8014
238.235,-44.3509
238.24,-39.8239
238.245,-36.6457
238.25,-32.7894
238.255,-28.0213
238.26,-24.1841
238.265,-19.6432
238.27,-12.4673
238.275,-4.88741
238.28,1.09426
238.285,4.95219
238.29,4.00977
238.295,-4.20056
238.3,-17.1122
238.305,-31.0832
238.31,-44.146
238.315,-53.5573
238.32,-58.4691
238.325,-61.5849
238.33,-63.9344
238.335,-65.0958
238.34,-66.459
238.345,-69.0639
238.35,-71.6405
238.355,-73.0746
238.36,-71.5044
238.365,-61.164
238.37,-31.8696
238.375,26.0348
238.38,113.002
238.385,210.412
238.39,284.179
238.395,303.399
238.4,260.751
238.405,177.45
238.41,85.005
238.415,8.79135
238.42,-40.3873
238.425,-65.6356
238.43,-74.0836
238.435,-72.5418
238.44,-68.4259
238.445,-65.7045
238.45,-63.4235
238.455,-61.303
238.46,-60.0692
238.465,-57.6914
238.47,-52.9808
238.475,-47.7519
238.48,-41.8761
238.485,-34.3363
238.49,-26.9486
238.495,-21.0227
238.5,-14.8332
238.505,-7.95756
238.51,-1.37284
238.515,6.21553
238.52,15.5526
238.525,24.7265
238.53,33.8757
238.535,44.7588
238.54,56.1396
238.545,67.031
238.55,78.9444
238.555,90.9292
238.56,101.211
238.565,111.253
238.57,121.706
238.575,130.132
238.58,136.094
238.585,140.634
238.59,142.075
238.595,139.246
238.6,133.672
238.605,124.669
238.61,110.275
238.615,92.1609
238.62,72.4629
238.625,51.2104
238.63,30.0934
238.635,11.7297
238.64,-4.59898
238.645,-19.4258
238.65,-31.0903
238.655,-39.9381
238.66,-47.4126
238.665,-52.562
238.67,-55.2908
238.675,-57.7636
238.68,-59.7407
238.685,-59.7721
238.69,-59.3099
238.695,-59.2755
238.7,-58.0812
238.705,-56.0693
238.71,-54.8384
238.715,-53.5452
238.72,-51.8189
238.725,-51.0392
238.73,-50.2899
238.735,-47.9778
238.74,-45.8518
238.745,-44.8764
238.75,-43.3298
238.755,-41.2564
238.76,-40.1103
238.765,-39.1506
238.77,-37.8634
238.775,-37.9923
238.78,-39.2075
238.785,-39.3246
238.79,-39.1023
238.795,-39.1692
238.8,-37.6266
238.805,-34.534
238.81,-31.3648
238.815,-27.8028
238.82,-23.7231
238.825,-21.2607
238.83,-19.8353
238.835,-17.4167
238.84,-14.9903
238.845,-12.5823
238.85,-7.34633
238.855,0.598223
238.86,8.11771
238.865,13.6699
238.87,15.9211
238.875,11.6907
238.88,0.551509
238.885,-13.2674
238.89,-26.9149
238.895,-38.9888
238.9,-46.9325
238.905,-50.5196
238.91,-52.4856
238.915,-53.4694
238.92,-53.2971
238.925,-54.0388
238.93,-56.0397
238.935,-56.9996
238.94,-55.1121
238.945,-48.4901
238.95,-30.2353
238.955,10.4141
238.96,78.7025
238.965,165.756
238.97,245.852
238.975,287.055
238.98,269.862
238.985,204.868
238.99,120.198
238.995,42.0961
239,-13.0461
239.005,-42.7988
239.01,-54.5714
239.015,-55.6139
239.02,-51.2153
239.025,-46.7008
239.03,-44.0899
239.035,-42.0654
239.04,-40.7964
239.045,-40.5139
239.05,-38.7084
239.055,-34.5922
239.06,-29.9131
239.065,-24.3168
239.07,-17.2397
239.075,-10.9298
239.08,-5.67609
239.085,0.920284
239.09,8.4576
239.095,15.797
239.1,23.7818
239.105,31.8959
239.11,38.568
239.115,45.5084
239.12,55.0793
239.125,66.369
239.13,78.687
239.135,92.9732
239.14,107.452
239.145,119.444
239.15,129.538
239.155,138.421
239.16,144.995
239.165,149.683
239.17,152.812
239.175,152.25
239.18,147.181
239.185,138.772
239.19,126.291
239.195,109.622
239.2,91.6626
239.205,74.013
239.21,55.4182
239.215,36.7642
239.22,20.2032
239.225,4.96056
239.23,-8.97328
239.235,-19.653
239.24,-27.7718
239.245,-34.7502
239.25,-39.7368
239.255,-43.4077
239.26,-47.6876
239.265,-51.2309
239.27,-52.5501
239.275,-53.6812
239.28,-55.1001
239.285,-54.6553
239.29,-52.8154
239.295,-51.1182
239.3,-48.8326
239.305,-46.2555
239.31,-45.0955
239.315,-44.3367
239.32,-42.5118
239.325,-41.161
239.33,-40.5656
239.335,-39.1024
239.34,-37.1837
239.345,-35.6207
239.35,-33.2887
239.355,-30.9768
239.36,-30.9946
239.365,-32.14
239.37,-32.4725
239.375,-32.8877
239.38,-32.4811
239.385,-29.082
239.39,-24.1077
239.395,-19.5257
239.4,-14.8919
239.405,-10.3868
239.41,-7.17379
239.415,-4.41943
239.42,-0.399453
239.425,4.57054
239.43,10.3369
239.435,16.7791
239.44,20.386
239.445,17.7581
239.45,9.04206
239.455,-3.88994
239.46,-18.9664
239.465,-32.3724
239.47,-41.6094
239.475,-48.1934
239.48,-52.934
239.485,-55.0066
239.49,-55.9111
239.495,-57.6378
239.5,-59.4735
239.505,-61.8067
239.51,-65.2366
239.515,-65.3955
239.52,-56.8919
239.525,-33.7977
239.53,13.5729
239.535,88.2112
239.54,174.42
239.545,243.707
239.55,269.649
239.555,239.729
239.56,167.648
239.565,83.8497
239.57,13.6742
239.575,-33.4106
239.58,-58.3433
239.585,-66.3003
239.59,-65.2879
239.595,-61.6311
239.6,-57.2442
239.605,-53.7829
239.61,-52.9432
239.615,-52.631
239.62,-50.4856
239.625,-47.3141
239.63,-42.9207
239.635,-36.4526
239.64,-29.5753
239.645,-23.6663
239.65,-17.5695
239.655,-11.3777
239.66,-6.45426
239.665,-1.50017
239.67,5.03355
239.675,12.0106
239.68,19.5216
239.685,29.0211
239.69,39.5406
239.695,49.5819
239.7,60.1539
239.705,71.3823
239.71,81.779
239.715,92.271
239.72,103.758
239.725,114.532
239.73,123.691
239.735,131.467
239.74,135.813
239.745,135.316
239.75,131.857
239.755,125.976
239.76,116.261
239.765,103.456
239.77,88.4522
239.775,70.3258
239.78,50.0901
239.785,30.8318
239.79,13.2171
239.795,-3.22921
239.8,-17.216
239.805,-28.8426
239.81,-39.6542
239.815,-48.6132
239.82,-54.5443
239.825,-59.0509
239.83,-62.4787
239.835,-63.6426
239.84,-63.971
239.845,-65.0334
239.85,-65.4178
239.855,-64.8705
239.86,-64.8043
239.865,-64.4062
239.87,-63.0846
239.875,-62.6705
239.88,-63.4069
239.885,-63.6794
239.89,-64.0653
239.895,-65.006
239.9,-64.6285
239.905,-62.9155
239.91,-61.6541
239.915,-60.0808
239.92,-57.4636
239.925,-55.3238
239.93,-53.7236
239.935,-51.6681
239.94,-50.6767
239.945,-51.4871
239.95,-51.1499
239.955,-48.4884
239.96,-45.2023
239.965,-40.8575
239.97,-35.5257
239.975,-31.411
239.98,-27.9853
239.985,-23.6709
239.99,-19.2067
239.995,-14.4943
240,-7.47697
240.005,0.386122
240.01,5.08161
240.015,5.43185
240.02,0.839803
240.025,-9.85421
240.03,-23.9165
240.035,-36.7641
240.04,-47.1683
240.045,-55.1236
240.05,-59.5767
240.055,-61.5475
240.06,-63.5609
240.065,-65.2659
240.07,-66.1861
240.075,-68.5106
240.08,-72.0061
240.085,-72.5947
240.09,-67.3299
240.095,-50.7654
240.1,-10.543
240.105,59.2759
240.11,148.126
240.115,231.69
240.12,280.466
240.125,271.061
240.13,208.593
240.135,122.662
240.14,41.689
240.145,-18.3618
240.15,-52.8805
240.155,-67.3999
240.16,-71.0836
240.165,-68.987
240.17,-64.0514
240.175,-60.1768
240.18,-58.2367
240.185,-56.3199
240.19,-54.384
240.195,-52.3809
240.2,-48.5522
240.205,-43.3454
240.21,-38.4021
240.215,-32.4085
240.22,-24.8189
240.225,-17.7363
240.23,-11.2864
240.235,-4.08177
240.24,2.96338
240.245,9.21663
240.25,16.5357
240.255,25.0227
240.26,33.3118
240.265,42.6201
240.27,53.9463
240.275,65.6366
240.28,77.3654
240.285,90.0214
240.29,102.14
240.295,112.666
240.3,122.311
240.305,130.206
240.31,134.564
240.315,136.237
240.32,135.805
240.325,131.216
240.33,122.079
240.335,109.79
240.34,93.556
240.345,73.6523
240.35,53.2048
240.355,33.43
240.36,13.6653
240.365,-4.46826
240.37,-19.4813
240.375,-32.4452
240.38,-43.6249
240.385,-51.8581
240.39,-58.5579
240.395,-64.8636
240.4,-68.7451
240.405,-70.025
240.41,-70.5173
240.415,-69.7239
240.42,-67.6958
240.425,-66.9956
240.43,-67.5452
240.435,-67.0471
240.44,-66.1251
240.445,-65.5997
240.45,-64.0866
240.455,-62.1444
240.46,-61.6379
240.465,-61.8181
240.47,-61.6619
240.475,-62.2063
240.48,-62.8045
240.485,-62.0282
240.49,-61.4574
240.495,-62.3264
240.5,-62.5523
240.505,-61.8424
240.51,-61.7765
240.515,-61.3352
240.52,-59.4706
240.525,-57.2935
240.53,-54.169
240.535,-49.5666
240.54,-45.1672
240.545,-41.861
240.55,-37.8147
240.555,-32.8647
240.56,-29.0981
240.565,-25.7945
240.57,-21.0684
240.575,-15.5611
240.58,-10.1082
240.585,-5.29148
240.59,-4.44436
240.595,-10.4337
240.6,-22.0573
240.605,-36.6558
240.61,-51.7701
240.615,-63.238
240.62,-69.3829
240.625,-72.8661
240.63,-75.1087
240.635,-75.9824
240.64,-77.1741
240.645,-79.6012
240.65,-82.1056
240.655,-84.9753
240.66,-87.8192
240.665,-85.791
240.67,-72.9693
240.675,-40.6136
240.68,21.4916
240.685,110.916
240.69,202.529
240.695,263.506
240.7,269.671
240.705,218.511
240.71,133.351
240.715,46.8641
240.72,-19.1158
240.725,-59.8004
240.73,-78.66
240.735,-81.9026
240.74,-78.0767
240.745,-73.1677
240.75,-68.2003
240.755,-63.899
240.76,-61.3456
240.765,-59.1258
240.77,-55.5183
240.775,-51.7624
240.78,-48.2461
240.785,-43.4786
240.79,-38.0568
240.795,-33.2187
240.8,-27.4522
240.805,-20.7998
240.81,-15.4927
240.815,-10.5704
240.82,-3.78598
240.825,4.01836
240.83,12.5359
240.835,23.1658
240.84,34.9954
240.845,46.4027
240.85,58.2307
240.855,70.4373
240.86,81.2076
240.865,91.3701
240.87,102.279
240.875,112.299
240.88,120.639
240.885,128.491
240.89,134.117
240.895,135.359
240.9,133.121
240.905,127.278
240.91,115.838
240.915,99.8308
240.92,81.2341
240.925,59.7709
240.93,36.8074
240.935,15.4808
240.94,-3.93435
240.945,-22.2849
240.95,-38.1717
240.955,-51.3456
240.96,-63.2738
240.965,-72.899
240.97,-78.8667
240.975,-82.6688
240.98,-85.1108
240.985,-85.0819
240.99,-83.9041
240.995,-83.299
241,-82.288
241.005,-80.6556
241.01,-79.4821
241.015,-77.8436
241.02,-75.2106
241.025,-73.7029
241.03,-73.4188
241.035,-72.3992
241.04,-70.9482
241.045,-69.9818
241.05,-68.3379
241.055,-66.162
241.06,-64.821
241.065,-63.429
241.07,-60.8255
241.075,-58.4313
241.08,-57.0307
241.085,-55.3338
241.09,-53.883
241.095,-53.9591
241.1,-53.981
241.105,-53.4013
241.11,-53.1069
241.115,-52.2374
241.12,-49.5773
241.125,-46.6565
241.13,-44.1354
241.135,-40.4784
241.14,-36.4448
241.145,-33.1485
241.15,-28.5181
241.155,-21.8338
241.16,-15.2996
241.165,-9.8774
241.17,-6.43811
241.175,-8.27994
241.18,-16.5181
241.185,-27.8763
241.19,-40.0998
241.195,-51.7984
241.2,-60.2551
241.205,-65.0199
241.21,-68.081
241.215,-69.4096
241.22,-68.79
241.225,-68.7175
241.23,-70.2904
241.235,-72.1144
241.24,-72.9945
241.245,-70.3002
241.25,-57.9808
241.255,-27.0294
241.26,30.4874
241.265,113.279
241.27,200.952
241.275,260.807
241.28,266.412
241.285,216.564
241.29,134.76
241.295,51.2435
241.3,-11.7154
241.305,-48.0955
241.31,-64.0649
241.315,-66.6196
241.32,-61.5994
241.325,-55.2586
241.33,-50.2727
241.335,-45.9435
241.34,-42.8693
241.345,-41.7869
241.35,-40.7044
241.355,-38.5198
241.36,-35.93
241.365,-32.1938
241.37,-26.6857
241.375,-20.9799
241.38,-15.1018
241.385,-7.01942
241.39,1.51411
241.395,9.00277
241.4,17.3271
241.405,25.9203
241.41,33.0969
241.415,40.9684
241.42,51.8279
241.425,63.6459
241.43,74.9193
241.435,86.7162
241.44,98.7797
241.445,110.456
241.45,122.899
241.455,136.194
241.46,147.665
241.465,155.828
241.47,160.643
241.475,160.078
241.48,154.023
241.485,144.322
241.49,130.926
241.495,114.169
241.5,96.6992
241.505,79.0325
241.51,59.8988
241.515,40.8087
241.52,23.4942
241.525,7.20065
241.53,-7.321
241.535,-18.2372
241.54,-26.6054
241.545,-33.8482
241.55,-39.1344
241.555,-42.8811
241.56,-46.7673
241.565,-49.6706
241.57,-50.1948
241.575,-50.1213
241.58,-50.3319
241.585,-49.5793
241.59,-48.3282
241.595,-47.6907
241.6,-46.3742
241.605,-44.4492
241.61,-43.579
241.615,-42.6961
241.62,-40.7492
241.625,-39.2506
241.63,-38.0794
241.635,-35.6221
241.64,-33.1425
241.645,-32.2389
241.65,-31.671
241.655,-31.2235
241.66,-31.8624
241.665,-31.8981
241.67,-30.4021
241.675,-29.6436
241.68,-29.7839
241.685,-28.7829
241.69,-26.8577
241.695,-24.9575
241.7,-21.8831
241.705,-17.6112
241.71,-13.9976
241.715,-10.4732
241.72,-6.05625
241.725,-2.44452
241.73,0.630967
241.735,5.60272
241.74,11.8004
241.745,17.0856
241.75,20.8308
241.755,20.8157
241.76,14.0947
241.765,1.93005
241.77,-12.1902
241.775,-26.6013
241.78,-38.7824
241.785,-45.8333
241.79,-48.9818
241.795,-50.8522
241.8,-51.3438
241.805,-51.1433
241.81,-52.496
241.815,-54.972
241.82,-56.8395
241.825,-56.7054
241.83,-50.8571
241.835,-30.5005
241.84,15.4326
241.845,91.471
241.85,186.191
241.855,269.34
241.86,307.177
241.865,283.522
241.87,211.821
241.875,121.085
241.88,39.2062
241.885,-17.6287
241.89,-48.6928
241.895,-61.185
241.9,-61.944
241.905,-57.5595
241.91,-53.4818
241.915,-50.4876
241.92,-47.9113
241.925,-46.4306
241.93,-44.5561
241.935,-40.0124
241.94,-34.1673
241.945,-28.7539
241.95,-22.4396
241.955,-15.2024
241.96,-8.95468
241.965,-3.37207
241.97,2.26684
241.975,7.16204
241.98,12.1519
241.985,19.4854
241.99,28.4149
241.995,37.6625
242,48.681
242.005,60.9391
242.01,72.1265
242.015,82.9901
242.02,94.8958
242.025,106.654
242.03,117.89
242.035,129.442
242.04,139.657
242.045,146.841
242.05,151.983
242.055,154.838
242.06,153.574
242.065,148.505
242.07,140.086
242.075,126.865
242.08,109.398
242.085,90.6497
242.09,71.2109
242.095,50.8875
242.1,31.8286
242.105,14.8395
242.11,-1.03066
242.115,-14.7401
242.12,-25.3816
242.125,-34.5145
242.13,-42.0735
242.135,-46.871
242.14,-50.3182
242.145,-53.4491
242.15,-54.6559
242.155,-54.1237
242.16,-53.8166
242.165,-53.2317
242.17,-52.0739
242.175,-52.0733
242.18,-52.5427
242.185,-51.3162
242.19,-49.4104
242.195,-48.0586
242.2,-45.6739
242.205,-42.9124
242.21,-42.0436
242.215,-42.0669
242.22,-41.3996
242.225,-41.121
242.23,-41.2534
242.235,-40.3308
242.24,-39.3267
242.245,-39.1652
242.25,-38.3692
242.255,-37.3098
242.26,-38.1774
242.265,-40.1102
242.27,-41.2344
242.275,-42.2374
242.28,-42.4032
242.285,-40.1197
242.29,-36.9429
242.295,-34.1483
242.3,-30.563
242.305,-26.6011
242.31,-23.5243
242.315,-20.2229
242.32,-15.5844
242.325,-10.5668
242.33,-4.54675
242.335,3.20704
242.34,9.74239
242.345,12.4123
242.35,11.0077
242.355,4.40976
242.36,-7.24852
242.365,-20.2961
242.37,-31.2407
242.375,-39.7073
242.38,-45.0581
242.385,-46.3284
242.39,-45.9628
242.395,-46.0077
242.4,-46.0801
242.405,-47.003
242.41,-50.4612
242.415,-53.1165
242.42,-49.9046
242.425,-37.0267
242.43,-4.67519
242.435,57.7462
242.44,145.041
242.445,233.264
242.45,292.376
242.455,296.513
242.46,242.677
242.465,156.94
242.47,71.2912
242.475,4.76921
242.48,-36.5656
242.485,-54.6477
242.49,-57.8609
242.495,-54.5631
242.5,-48.4244
242.505,-42.4478
242.51,-39.2904
242.515,-37.5814
242.52,-35.394
242.525,-33.1614
242.53,-30.1705
242.535,-24.9141
242.54,-18.405
242.545,-11.6904
242.55,-3.86261
242.555,4.43979
242.56,11.353
242.565,17.7694
242.57,24.7412
242.575,30.9804
242.58,36.6764
242.585,43.4102
242.59,50.4198
242.595,57.5097
242.6,66.9877
242.605,78.6794
242.61,90.2334
242.615,101.846
242.62,113.599
242.625,124.004
242.63,133.737
242.635,143.912
242.64,151.889
242.645,155.174
242.65,155.166
242.655,152.14
242.66,144.622
242.665,133.528
242.67,119.654
242.675,101.825
242.68,81.3142
242.685,61.1438
242.69,41.6939
242.695,23.0869
242.7,7.36953
242.705,-5.50464
242.71,-17.0633
242.715,-26.3417
242.72,-32.6935
242.725,-38.2318
242.73,-43.585
242.735,-47.2242
242.74,-49.532
242.745,-50.9461
242.75,-50.1061
242.755,-48.0893
242.76,-47.3353
242.765,-47.081
242.77,-46.0169
242.775,-45.2343
242.78,-44.644
242.785,-42.7768
242.79,-40.6456
242.795,-39.3633
242.8,-37.5678
242.805,-35.4809
242.81,-34.6846
242.815,-34.1613
242.82,-32.4887
242.825,-31.4224
242.83,-31.6209
242.835,-31.1148
242.84,-30.4987
242.845,-31.3133
242.85,-32.1251
242.855,-32.0363
242.86,-32.4848
242.865,-32.7922
242.87,-31.3231
242.875,-28.7057
242.88,-25.7167
242.885,-21.6521
242.89,-17.5062
242.895,-14.5398
242.9,-11.0477
242.905,-6.79889
242.91,-3.19882
242.915,1.37763
242.92,8.76767
242.925,16.6498
242.93,22.4637
242.935,25.4164
242.94,22.7498
242.945,12.8427
242.95,-0.618309
242.955,-13.8981
242.96,-26.0504
242.965,-35.2019
242.97,-40.0581
242.975,-42.603
242.98,-44.1806
242.985,-44.3167
242.99,-44.6135
242.995,-46.8131
243,-49.3387
243.005,-49.2568
243.01,-44.5621
243.015,-29.9024
243.02,5.68656
243.025,69.5731
243.03,155.623
243.035,240.561
243.04,292.536
243.045,287.294
243.05,228.835
243.055,144.344
243.06,62.0957
243.065,0.825889
243.07,-34.2186
243.075,-49.7164
243.08,-54.0921
243.085,-52.2828
243.09,-49.0271
243.095,-47.4481
243.1,-46.2471
243.105,-44.5034
243.11,-42.9896
243.115,-40.2403
243.12,-35.0493
243.125,-29.3268
243.13,-24.0038
243.135,-17.9383
243.14,-11.9946
243.145,-7.21985
243.15,-1.77232
243.155,4.77023
243.16,10.8009
243.165,17.2184
243.17,25.7184
243.175,34.9247
243.18,44.2437
243.185,55.1445
243.19,66.6706
243.195,77.3714
243.2,88.7538
243.205,101.046
243.21,112.19
243.215,122.34
243.22,132.361
243.225,140.388
243.23,145.345
243.235,148.082
243.24,147.437
243.245,141.939
243.25,133.039
243.255,121.335
243.26,105.484
243.265,86.7476
243.27,67.3723
243.275,46.909
243.28,26.013
243.285,7.68166
243.29,-8.08396
243.295,-22.5378
243.3,-34.2937
243.305,-42.9895
243.31,-50.3586
243.315,-56.0617
243.32,-59.4416
243.325,-62.6098
243.33,-66.2313
243.335,-68.4098
243.34,-69.431
243.345,-70.3288
243.35,-70.018
243.355,-68.7712
243.36,-68.7159
243.365,-68.8696
243.37,-67.2564
243.375,-65.0977
243.38,-63.0855
243.385,-60.2031
243.39,-57.6397
243.395,-56.5931
243.4,-55.4491
243.405,-53.7975
243.41,-53.4407
243.415,-53.8663
243.42,-53.5094
243.425,-53.4451
243.43,-54.4915
243.435,-55.2911
243.44,-56.1658
243.445,-57.5251
243.45,-57.4963
243.455,-56.0918
243.46,-55.7109
243.465,-56.0227
243.47,-55.714
243.475,-55.2629
243.48,-54.1513
243.485,-51.1698
243.49,-47.3701
243.495,-44.3996
243.5,-41.2714
243.505,-38.1089
243.51,-36.2931
243.515,-34.0853
243.52,-29.1672
243.525,-22.2474
243.53,-14.6071
243.535,-7.52017
243.54,-4.9309
243.545,-10.0743
243.55,-20.953
243.555,-34.3763
243.56,-48.2483
243.565,-59.1868
243.57,-65.361
243.575,-69.0533
243.58,-71.6909
243.585,-72.812
243.59,-73.8632
243.595,-76.388
243.6,-79.2287
243.605,-81.3409
243.61,-81.3646
243.615,-74.7146
243.62,-54.6963
243.625,-12.8526
243.63,57.027
243.635,147.561
243.64,231.432
243.645,275.997
243.65,261.852
243.655,196.961
243.66,108.861
243.665,27.5059
243.67,-29.6925
243.675,-61.7587
243.68,-74.7722
243.685,-75.2874
243.69,-70.7261
243.695,-66.226
243.7,-62.1442
243.705,-58.5601
243.71,-56.4343
243.715,-54.1717
243.72,-50.4174
243.725,-46.9482
243.73,-43.704
243.735,-38.7098
243.74,-32.9073
243.745,-27.664
243.75,-21.7474
243.755,-15.0706
243.76,-9.22315
243.765,-3.38808
243.77,3.93302
243.775,11.7119
243.78,19.6941
243.785,29.3686
243.79,40.2458
243.795,51.3859
243.8,64.0199
243.805,77.8881
243.81,90.5523
243.815,101.996
243.82,113.168
243.825,122.539
243.83,129.688
243.835,135.437
243.84,138.265
243.845,136.909
243.85,132.883
243.855,126.05
243.86,114.217
243.865,98.3442
243.87,80.4731
243.875,60.6935
243.88,40.2978
243.885,21.5862
243.89,4.1695
243.895,-12.4442
243.9,-26.1233
243.905,-36.3492
243.91,-45.0812
243.915,-52.3038
243.92,-57.4005
243.925,-62.2113
243.93,-66.9444
243.935,-69.4466
243.94,-70.3138
243.945,-70.8149
243.95,-70.0812
243.955,-68.6811
243.96,-68.3705
243.965,-68.1924
243.97,-67.0289
243.975,-66.0707
243.98,-65.1591
243.985,-62.5864
243.99,-59.5647
243.995,-57.65
244,-55.6968
244.005,-53.8634
244.01,-53.41
244.015,-53.1901
244.02,-52.2598
244.025,-52.2622
244.03,-53.3069
244.035,-53.4237
244.04,-52.9818
244.045,-52.8467
244.05,-52.0274
244.055,-51.2628
244.06,-52.2683
244.065,-53.5476
244.07,-53.6615
244.075,-54.0046
244.08,-54.8074
244.085,-54.6692
244.09,-54.2946
244.095,-54.1247
244.1,-51.9449
244.105,-48.0707
244.11,-44.7127
244.115,-41.2979
244.12,-37.3237
244.125,-34.3845
244.13,-32.5803
244.135,-29.8454
244.14,-25.7281
244.145,-19.686
244.15,-10.8915
244.155,-2.26789
244.16,1.75315
244.165,-0.20902
244.17,-8.00837
244.175,-20.6741
244.18,-34.7282
244.185,-45.8867
244.19,-53.7376
244.195,-59.6762
244.2,-63.0552
244.205,-64.4284
244.21,-66.0902
244.215,-67.7533
244.22,-68.7897
244.225,-70.9313
244.23,-72.6614
244.235,-68.6161
244.24,-55.315
244.245,-25.0531
244.25,33.9564
244.255,120.595
244.26,212.399
244.265,278.039
244.27,290.569
244.275,243.144
244.28,158.557
244.285,70.1467
244.29,-0.3645
244.295,-45.6203
244.3,-66.8532
244.305,-71.7524
244.31,-69.4723
244.315,-64.4535
244.32,-58.5861
244.325,-54.5538
244.33,-52.2027
244.335,-49.2939
244.34,-46.1271
244.345,-43.1093
244.35,-38.3747
244.355,-32.2091
244.36,-26.7714
244.365,-21.1223
244.37,-14.249
244.375,-8.0902
244.38,-2.75339
244.385,3.73346
244.39,10.8217
244.395,17.8428
244.4,26.264
244.405,35.782
244.41,44.7869
244.415,54.3355
244.42,65.4518
244.425,76.6006
244.43,87.6225
244.435,99.8541
244.44,111.961
244.445,122.31
244.45,131.766
244.455,139.572
244.46,143.669
244.465,144.501
244.47,142.712
244.475,136.65
244.48,126.216
244.485,113.094
244.49,96.8047
244.495,77.2729
244.5,57.2217
244.505,37.4436
244.51,17.2925
244.515,-1.29223
244.52,-16.9306
244.525,-30.9761
244.53,-43.4621
244.535,-52.7817
244.54,-59.7546
244.545,-65.1603
244.55,-67.8165
244.555,-68.5549
244.56,-69.3005
244.565,-69.3652
244.57,-68.0425
244.575,-66.8461
244.58,-65.6762
244.585,-62.968
244.59,-59.9455
244.595,-58.2021
244.6,-56.5993
244.605,-55.1792
244.61,-54.9809
244.615,-54.507
244.62,-52.8097
244.625,-51.6698
244.63,-51.2617
244.635,-50.0603
244.64,-48.9379
244.645,-48.7413
244.65,-47.8827
244.655,-46.2109
244.66,-45.2882
244.665,-44.5499
244.67,-43.4013
244.675,-43.7534
244.68,-45.2453
244.685,-45.8072
244.69,-46.1735
244.695,-47.0086
244.7,-46.6046
244.705,-45.2464
244.71,-44.8539
244.715,-44.5297
244.72,-42.7466
244.725,-40.9712
244.73,-39.8103
244.735,-37.6083
244.74,-34.662
244.745,-31.964
244.75,-28.0171
244.755,-21.7814
244.76,-15.2562
244.765,-9.47573
244.77,-3.25595
244.775,2.83664
244.78,7.61259
244.785,11.1012
244.79,11.5582
244.795,6.61284
244.8,-2.63021
244.805,-13.8888
244.81,-26.2311
244.815,-36.8949
244.82,-43.4174
244.825,-47.3481
244.83,-50.1366
244.835,-51.007
244.84,-51.114
244.845,-52.5843
244.85,-55.0748
244.855,-58.0557
244.86,-60.4794
244.865,-57.6277
244.87,-43.0594
244.875,-7.88105
244.88,57.3876
244.885,149.707
244.89,243.061
244.895,302.353
244.9,303.153
244.905,246.865
244.91,158.986
244.915,71.7515
244.92,6.37481
244.925,-33.3823
244.93,-52.5233
244.935,-57.1151
244.94,-54.7327
244.945,-51.2252
244.95,-47.3976
244.955,-43.6546
244.96,-41.6848
244.965,-40.1302
244.97,-36.7825
244.975,-32.6257
244.98,-28.1687
244.985,-22.1336
244.99,-15.3607
244.995,-9.2925
245,-2.48788
245.005,5.47835
245.01,12.5161
245.015,18.8114
245.02,25.7758
245.025,32.7713
245.03,40.0697
245.035,49.568
245.04,60.7531
245.045,72.0975
245.05,84.0413
245.055,96.3814
245.06,107.472
245.065,118.087
245.07,129.814
245.075,140.912
245.08,149.813
245.085,157.133
245.09,161.591
245.095,161.843
245.1,159.474
245.105,154.869
245.11,145.841
245.115,132.581
245.12,116.59
245.125,97.5212
245.13,76.3379
245.135,55.7414
245.14,36.2781
245.145,17.5474
245.15,1.66182
245.155,-10.4541
245.16,-20.5118
245.165,-28.7964
245.17,-34.7838
245.175,-40.0523
245.18,-44.8128
245.185,-47.5007
245.19,-49.0913
245.195,-50.4524
245.2,-50.1461
245.205,-48.4958
245.21,-47.4761
245.215,-46.3968
245.22,-44.0371
245.225,-42.1909
245.23,-41.7594
245.235,-41.2693
245.24,-41.1349
245.245,-42.1944
245.25,-42.8017
245.255,-42.4134
245.26,-42.4325
245.265,-42.0852
245.27,-40.3492
245.275,-39.115
245.28,-38.6135
245.285,-37.1696
245.29,-35.72
245.295,-35.7314
245.3,-36.0966
245.305,-36.4052
245.31,-37.8572
245.315,-39.5639
245.32,-39.836
245.325,-39.8288
245.33,-40.1698
245.335,-39.4943
245.34,-38.484
245.345,-38.4055
245.35,-38.3223
245.355,-37.9522
245.36,-37.947
245.365,-36.8603
245.37,-33.5012
245.375,-29.7046
245.38,-26.0832
245.385,-20.744
245.39,-14.205
245.395,-8.76675
245.4,-3.80079
245.405,1.49662
245.41,6.19534
245.415,10.7657
245.42,15.1867
245.425,16.8046
245.43,14.1008
245.435,7.36193
245.44,-3.08337
245.445,-15.1903
245.45,-25.4233
245.455,-32.493
245.46,-37.7111
245.465,-40.5521
245.47,-40.8496
245.475,-41.7588
245.48,-44.3359
245.485,-46.8157
245.49,-48.9685
245.495,-49.2463
245.5,-43.1905
245.505,-24.5248
245.51,16.7219
245.515,88.7721
245.52,182.817
245.525,268.667
245.53,312.877
245.535,296.813
245.54,229.461
245.545,139.779
245.55,57.7709
245.555,-0.504047
245.56,-34.3079
245.565,-48.3841
245.57,-49.1514
245.575,-45.0753
245.58,-41.1889
245.585,-37.6334
245.59,-35.0322
245.595,-33.7207
245.6,-31.4178
245.605,-27.397
245.61,-23.2972
245.615,-18.8551
245.62,-13.3105
245.625,-7.98623
245.63,-2.78996
245.635,4.10525
245.64,11.9076
245.645,19.109
245.65,26.562
245.655,34.6171
245.66,42.3868
245.665,50.6785
245.67,60.758
245.675,71.1066
245.68,80.8417
245.685,91.3631
245.69,102.119
245.695,112.27
245.7,123.289
245.705,134.993
245.71,145.08
245.715,153.794
245.72,161.585
245.725,166.002
245.73,165.874
245.735,162.773
245.74,156.259
245.745,145.112
245.75,130.869
245.755,114.536
245.76,95.4316
245.765,75.4035
245.77,56.6083
245.775,38.4831
245.78,21.5013
245.785,7.65751
245.79,-3.84548
245.795,-14.249
245.8,-22.3343
245.805,-28.0768
245.81,-33.2409
245.815,-37.6027
245.82,-40.2667
245.825,-42.5012
245.83,-44.212
245.835,-43.855
245.84,-42.3625
245.845,-40.695
245.85,-37.7597
245.855,-34.2558
245.86,-32.2015
245.865,-30.8472
245.87,-28.8852
245.875,-27.7577
245.88,-27.985
245.885,-27.7441
245.89,-27.346
245.895,-27.5721
245.9,-26.9681
245.905,-25.5534
245.91,-24.7782
245.915,-23.4692
245.92,-20.6833
245.925,-18.5041
245.93,-17.5943
245.935,-16.3276
245.94,-15.4358
245.945,-16.2047
245.95,-17.1386
245.955,-17.578
245.96,-18.7373
245.965,-19.7057
245.97,-19.2348
245.975,-19.1661
245.98,-20.0872
245.985,-20.1896
245.99,-19.2841
245.995,-17.5093
246,-13.4945
246.005,-7.94667
246.01,-2.98294
246.015,2.21103
246.02,8.58017
246.025,13.5987
246.03,16.7536
246.035,20.8998
246.04,25.9414
246.045,29.7108
246.05,32.2984
246.055,32.7803
246.06,28.3172
246.065,18.9956
246.07,7.8753
246.075,-3.52398
246.08,-13.6029
246.085,-20.2522
246.09,-24.7531
246.095,-28.8391
246.1,-31.632
246.105,-33.5727
246.11,-36.4765
246.115,-39.4217
246.12,-40.031
246.125,-36.8901
246.13,-26.7454
246.135,-0.0773269
246.14,53.2628
246.145,133.186
246.15,222.205
246.155,289.121
246.16,303.726
246.165,259.959
246.17,180.252
246.175,94.0477
246.18,23.9612
246.185,-19.855
246.19,-40.6672
246.195,-46.8325
246.2,-44.3738
246.205,-38.5758
246.21,-33.715
246.215,-29.5399
246.22,-24.9592
246.225,-21.5511
246.23,-19.2516
246.235,-15.8049
246.24,-11.6418
246.245,-7.77448
246.25,-2.73743
246.255,3.25415
246.26,8.05566
246.265,12.63
246.27,18.5559
246.275,24.4431
246.28,30.2886
246.285,37.7393
246.29,45.7385
246.295,53.2198
246.3,61.98
246.305,72.6573
246.31,83.8118
246.315,95.6254
246.32,108.355
246.325,120.25
246.33,131.062
246.335,141.717
246.34,150.571
246.345,155.961
246.35,159.024
246.355,160.041
246.36,157.608
246.365,152.265
246.37,144.722
246.375,133.305
246.38,118.015
246.385,101.232
246.39,83.2431
246.395,63.8453
246.4,45.3025
246.405,28.4565
246.41,12.3613
246.415,-1.45431
246.42,-11.8393
246.425,-20.2807
246.43,-26.9399
246.435,-30.925
246.44,-33.8756
246.445,-37.0917
246.45,-38.8049
246.455,-39.0225
246.46,-39.8397
246.465,-40.3907
246.47,-39.1545
246.475,-37.3875
246.48,-35.5769
246.485,-32.8778
246.49,-30.4312
246.495,-29.1068
246.5,-27.018
246.505,-23.7774
246.51,-21.2725
246.515,-19.1043
246.52,-16.5916
246.525,-15.1013
246.53,-14.3622
246.535,-12.8196
246.54,-11.6228
246.545,-12.0616
246.55,-12.807
246.555,-13.6676
246.56,-15.8446
246.565,-17.9801
246.57,-18.563
246.575,-19.1931
246.58,-20.3829
246.585,-20.6851
246.59,-21.1319
246.595,-22.8905
246.6,-24.1468
246.605,-24.3693
246.61,-25.052
246.615,-25.4609
246.62,-24.3371
246.625,-22.8024
246.63,-21.0656
246.635,-17.1696
246.64,-12.1208
246.645,-8.24264
246.65,-4.26755
246.655,0.504137
246.66,4.2757
246.665,7.87346
246.67,13.8682
246.675,21.3328
246.68,27.8425
246.685,32.9015
246.69,34.9418
246.695,31.59
246.7,23.43
246.705,12.3318
246.71,-0.706165
246.715,-12.7637
246.72,-20.9398
246.725,-26.3181
246.73,-30.2484
246.735,-31.8911
246.74,-32.401
246.745,-33.7465
246.75,-35.0097
246.755,-35.0779
246.76,-33.4976
246.765,-26.4077
246.77,-4.71299
246.775,41.4523
246.78,114.618
246.785,201.716
246.79,273.551
246.795,300.084
246.8,269.717
246.805,197.939
246.81,112.253
246.815,37.8413
246.82,-12.0954
246.825,-38.6259
246.83,-48.378
246.835,-47.2475
246.84,-42.2689
246.845,-38.8103
246.85,-36.5928
246.855,-34.1001
246.86,-32.0047
246.865,-29.6246
246.87,-25.8282
246.875,-21.8143
246.88,-18.1849
246.885,-13.4947
246.89,-8.29198
246.895,-4.14066
246.9,0.635792
246.905,6.96949
246.91,13.15
246.915,19.0239
246.92,25.7432
246.925,32.5371
246.93,39.3726
246.935,48.1966
246.94,58.5106
246.945,68.4573
246.95,78.7551
246.955,89.707
246.96,99.561
246.965,108.838
246.97,119.069
246.975,128.626
246.98,136.036
246.985,142.155
246.99,146.004
246.995,145.879
247,142.544
247.005,135.987
247.01,124.544
247.015,109.337
247.02,92.8671
247.025,74.81
247.03,55.4095
247.035,37.1557
247.04,20.2878
247.045,3.99808
247.05,-10.1171
247.055,-21.3608
247.06,-31.2005
247.065,-39.0127
247.07,-43.6687
247.075,-46.9413
247.08,-49.7114
247.085,-50.8512
247.09,-51.3215
247.095,-52.4713
247.1,-52.7825
247.105,-51.7773
247.11,-51.3855
247.115,-51.1179
247.12,-49.546
247.125,-47.9433
247.13,-46.6321
247.135,-43.881
247.14,-40.7596
247.145,-39.187
247.15,-37.8538
247.155,-35.9475
247.16,-34.9474
247.165,-34.5761
247.17,-33.4904
247.175,-32.6406
247.18,-32.2754
247.185,-30.581
247.19,-28.2277
247.195,-27.4365
247.2,-27.2944
247.205,-27.1387
247.21,-28.2597
247.215,-29.6814
247.22,-29.8005
247.225,-29.6962
247.23,-29.8942
247.235,-29.3776
247.24,-29.3512
247.245,-30.9796
247.25,-31.8931
247.255,-31.1334
247.26,-30.1991
247.265,-28.2773
247.27,-24.3171
247.275,-20.2835
247.28,-16.7859
247.285,-11.6158
247.29,-5.53296
247.295,-0.823146
247.3,4.23549
247.305,10.9524
247.31,16.7143
247.315,20.1861
247.32,21.3389
247.325,18.1159
247.33,9.43821
247.335,-2.3158
247.34,-15.0262
247.345,-27.3089
247.35,-36.4121
247.355,-41.4476
247.36,-44.6262
247.365,-46.5875
247.37,-47.0736
247.375,-47.7043
247.38,-49.3234
247.385,-50.6353
247.39,-50.2752
247.395,-45.9835
247.4,-30.9964
247.405,5.63557
247.41,70.2525
247.415,157.366
247.42,244.126
247.425,297.512
247.43,292.985
247.435,234.321
247.44,147.9
247.445,62.8841
247.45,-0.385441
247.455,-36.8668
247.46,-53.1582
247.465,-56.7191
247.47,-53.256
247.475,-48.5427
247.48,-45.1351
247.485,-41.9635
247.49,-39.3432
247.495,-38.2321
247.5,-36.6131
247.505,-33.3322
247.51,-29.557
247.515,-24.518
247.52,-17.1234
247.525,-9.63342
247.53,-3.62751
247.535,2.17715
247.54,7.86862
247.545,13.1474
247.55,20.0896
247.555,29.5791
247.56,39.5855
247.565,49.7346
247.57,60.9735
247.575,72.0038
247.58,82.3226
247.585,93.5342
247.59,105.204
247.595,115.995
247.6,127.098
247.605,138.244
247.61,146.795
247.615,152.828
247.62,157.359
247.625,158.721
247.63,156.416
247.635,151.825
247.64,143.824
247.645,130.821
247.65,114.295
247.655,95.5079
247.66,74.1276
247.665,52.3574
247.67,32.5086
247.675,13.9555
247.68,-2.72518
247.685,-15.5283
247.69,-25.2109
247.695,-33.2147
247.7,-38.6633
247.705,-41.7364
247.71,-44.3125
247.715,-45.9235
247.72,-45.6235
247.725,-45.1283
247.73,-44.8071
247.735,-42.7663
247.74,-39.9491
247.745,-38.5607
247.75,-37.3451
247.755,-35.6212
247.76,-34.7002
247.765,-33.4673
247.77,-30.5691
247.775,-27.6188
247.78,-25.3213
247.785,-22.5165
247.79,-20.1672
247.795,-19.1648
247.8,-17.7998
247.805,-15.924
247.81,-15.6029
247.815,-16.3924
247.82,-17.1401
247.825,-19.0371
247.83,-21.9725
247.835,-23.6222
247.84,-24.2259
247.845,-25.2263
247.85,-25.6502
247.855,-25.2056
247.86,-25.5523
247.865,-26.135
247.87,-25.7925
247.875,-26.1427
247.88,-27.3967
247.885,-27.2766
247.89,-25.7717
247.895,-23.7815
247.9,-20.0346
247.905,-14.5871
247.91,-8.93465
247.915,-2.60224
247.92,4.75727
247.925,11.6376
247.93,18.2394
247.935,25.6087
247.94,31.4792
247.945,33.1395
247.95,30.8842
247.955,24.1765
247.96,12.0042
247.965,-2.43631
247.97,-15.1497
247.975,-25.552
247.98,-32.9598
247.985,-36.1199
247.99,-37.0227
247.995,-38.1403
248,-38.8695
248.005,-39.6968
248.01,-42.1084
248.015,-42.85
248.02,-36.794
248.025,-21.0405
248.03,13.3609
248.035,77.2426
248.04,165.414
248.045,252.374
248.05,306.958
248.055,304.659
248.06,245.406
248.065,156.682
248.07,70.5966
248.075,5.48315
248.08,-33.5587
248.085,-49.4819
248.09,-51.4303
248.095,-48.1639
248.1,-42.8456
248.105,-36.9827
248.11,-32.8745
248.115,-29.9179
248.12,-26.5108
248.125,-23.5184
248.13,-20.486
248.135,-15.2862
248.14,-8.96014
248.145,-3.51369
248.15,1.90132
248.155,7.54664
248.16,12.0888
248.165,16.6888
248.17,23.2116
248.175,30.7464
248.18,39.164
248.185,49.895
248.19,61.546
248.195,72.131
248.2,83.0087
248.205,94.7734
248.21,105.82
248.215,116.768
248.22,128.64
248.225,139.599
248.23,149.013
248.235,158.03
248.24,165.204
248.245,168.724
248.25,169.524
248.255,167.839
248.26,162.105
248.265,152.757
248.27,140.605
248.275,124.451
248.28,104.937
248.285,84.9292
248.29,64.9217
248.295,44.8706
248.3,26.9666
248.305,11.8921
248.31,-1.97297
248.315,-14.1016
248.32,-23.2545
248.325,-30.4803
248.33,-35.8684
248.335,-38.218
248.34,-39.0389
248.345,-40.0042
248.35,-39.881
248.355,-38.3988
248.36,-37.3975
248.365,-36.6169
248.37,-35.1258
248.375,-34.323
248.38,-34.3078
248.385,-33.5286
248.39,-32.67
248.395,-32.6288
248.4,-31.9174
248.405,-30.3939
248.41,-29.6231
248.415,-28.8915
248.42,-27.3712
248.425,-26.469
248.43,-26.0016
248.435,-24.1388
248.44,-21.8452
248.445,-20.6982
248.45,-19.6669
248.455,-18.7062
248.46,-18.9379
248.465,-19.2646
248.47,-18.4524
248.475,-17.8915
248.48,-18.1155
248.485,-18.037
248.49,-18.6174
248.495,-20.4785
248.5,-21.3825
248.505,-20.2783
248.51,-18.081
248.515,-14.2875
248.52,-8.38114
248.525,-1.90113
248.53,4.9456
248.535,12.9782
248.54,19.8331
248.545,24.1912
248.55,28.6103
248.555,33.4112
248.56,36.1685
248.565,36.6712
248.57,35.2013
248.575,29.1087
248.58,17.6245
248.585,4.24338
248.59,-9.0233
248.595,-20.942
248.6,-28.8376
248.605,-32.6834
248.61,-34.8595
248.615,-35.4862
248.62,-34.8219
248.625,-35.5307
248.63,-38.3124
248.635,-40.25
248.64,-38.2048
248.645,-28.6562
248.65,-2.1786
248.655,51.6548
248.66,131.83
248.665,220.018
248.67,285.736
248.675,300.044
248.68,255.999
248.685,176.319
248.69,90.8365
248.695,20.6915
248.7,-24.1976
248.705,-45.3376
248.71,-51.5775
248.715,-50.3237
248.72,-45.6603
248.725,-41.6994
248.73,-40.0064
248.735,-38.4509
248.74,-36.6224
248.745,-35.3782
248.75,-32.7637
248.755,-27.6412
248.76,-21.8981
248.765,-15.9034
248.77,-8.89013
248.775,-2.11673
248.78,4.12993
248.785,11.3608
248.79,18.8207
248.795,24.9822
248.8,31.6332
248.805,40.1063
248.81,48.9381
248.815,58.1393
248.82,68.6578
248.825,79.337
248.83,89.8935
248.835,101.888
248.84,114.8
248.845,126.693
248.85,138.142
248.855,149.416
248.86,158.315
248.865,164.452
248.87,168.682
248.875,169.353
248.88,165.261
248.885,157.653
248.89,146.275
248.895,129.904
248.9,110.633
248.905,90.5025
248.91,69.4308
248.915,49.0016
248.92,31.2048
248.925,14.9081
248.93,-0.542609
248.935,-13.709
248.94,-24.78
248.945,-34.6792
248.95,-42.0049
248.955,-46.4372
248.96,-49.9984
248.965,-52.662
248.97,-53.5177
248.975,-53.739
248.98,-53.7641
248.985,-52.3818
248.99,-50.4195
248.995,-49.689
249,-49.3529
249.005,-48.7977
249.01,-49.2486
249.015,-49.8798
249.02,-48.6177
249.025,-46.541
249.03,-44.7553
249.035,-42.1316
249.04,-39.5197
249.045,-38.7581
249.05,-38.5634
249.055,-37.7698
249.06,-37.9187
249.065,-38.8877
249.07,-39.0294
249.075,-39.2908
249.08,-40.2542
249.085,-40.1858
249.09,-39.3522
249.095,-39.2703
249.1,-39.3159
249.105,-39.2371
249.11,-40.4487
249.115,-42.0199
249.12,-41.9819
249.125,-41.0475
249.13,-39.377
249.135,-35.5206
249.14,-30.5528
249.145,-26.3227
249.15,-21.4465
249.155,-15.1585
249.16,-9.83219
249.165,-5.5109
249.17,-0.151543
249.175,5.73478
249.18,11.0218
249.185,15.9299
249.19,18.2788
249.195,14.7752
249.2,5.44677
249.205,-7.38265
249.21,-21.6606
249.215,-33.9717
249.22,-41.5466
249.225,-45.7953
249.23,-48.6744
249.235,-49.9754
249.24,-50.9294
249.245,-53.421
249.25,-56.3664
249.255,-58.1866
249.26,-57.6529
249.265,-50.647
249.27,-29.2185
249.275,16.0524
249.28,89.4088
249.285,179.332
249.29,255.523
249.295,285.99
249.3,257.037
249.305,183.468
249.31,94.6861
249.315,17.7426
249.32,-33.3011
249.325,-59.7612
249.33,-69.0992
249.335,-67.7031
249.34,-61.7033
249.345,-55.9994
249.35,-51.3481
249.355,-47.7401
249.36,-46.2014
249.365,-45.2122
249.37,-42.6155
249.375,-39.0123
249.38,-34.4962
249.385,-27.5842
249.39,-19.1786
249.395,-11.4686
249.4,-4.04338
249.405,3.37293
249.41,9.41001
249.415,15.4528
249.42,23.9509
249.425,33.5864
249.43,42.8377
249.435,52.7113
249.44,62.7628
249.445,72.0251
249.45,82.2118
249.455,94.3849
249.46,106.538
249.465,118.333
249.47,130.337
249.475,140.863
249.48,149.131
249.485,156.276
249.49,161.068
249.495,161.21
249.5,157.402
249.505,150.36
249.51,138.828
249.515,123.206
249.52,105.119
249.525,84.3442
249.53,62.1667
249.535,41.9906
249.54,24.1574
249.545,7.43147
249.55,-6.83446
249.555,-18.1367
249.56,-28.2769
249.565,-36.8504
249.57,-42.6965
249.575,-47.2509
249.58,-51.2628
249.585,-53.3866
249.59,-54.4032
249.595,-55.3809
249.6,-54.9012
249.605,-52.9098
249.61,-51.6198
249.615,-50.7075
249.62,-48.8949
249.625,-47.5353
249.63,-47.0159
249.635,-45.7439
249.64,-44.0717
249.645,-43.1936
249.65,-42.0824
249.655,-40.6328
249.66,-40.3363
249.665,-40.4406
249.67,-39.4508
249.675,-38.4238
249.68,-37.7447
249.685,-36.2622
249.69,-35.0908
249.695,-35.6207
249.7,-36.5906
249.705,-37.9311
249.71,-41.1142
249.715,-44.6477
249.72,-46.4317
249.725,-47.5236
249.73,-47.9566
249.735,-45.6882
249.74,-41.3747
249.745,-37.3067
249.75,-32.7693
249.755,-26.9727
249.76,-20.8269
249.765,-14.0326
249.77,-7.04153
249.775,-1.90169
249.78,2.2407
249.785,7.80008
249.79,13.202
249.795,15.5767
249.8,15.2882
249.805,11.2737
249.81,0.734717
249.815,-13.9593
249.82,-28.1382
249.825,-40.3087
249.83,-49.3505
249.835,-53.821
249.84,-55.6116
249.845,-57.4127
249.85,-58.8215
249.855,-59.8814
249.86,-62.3365
249.865,-64.4902
249.87,-61.8173
249.875,-52.4175
249.88,-31.0975
249.885,14.6267
249.89,89.4739
249.895,178.83
249.9,254.304
249.905,286.441
249.91,258.813
249.915,185.382
249.92,97.3748
249.925,19.5929
249.93,-35.325
249.935,-64.4975
249.94,-74.7827
249.945,-75.7136
249.95,-71.8762
249.955,-66.2777
249.96,-62.2982
249.965,-59.5073
249.97,-55.7324
249.975,-51.5274
249.98,-47.3714
249.985,-42.118
249.99,-36.7114
249.995,-32.5191
250,-27.9449
250.005,-22.2636
250.01,-16.9831
250.015,-11.6004
250.02,-4.99534
250.025,1.70041
250.03,8.6477
250.035,17.7111
250.04,28.2615
250.045,38.9653
250.05,51.0305
250.055,64.263
250.06,76.6864
250.065,88.8435
250.07,101.623
250.075,113.166
250.08,122.672
250.085,131.433
250.09,138.807
250.095,143.119
250.1,145.391
250.105,145.665
250.11,141.939
250.115,134.411
250.12,124.022
250.125,109.718
250.13,91.9002
250.135,73.158
250.14,53.885
250.145,33.6939
250.15,14.8932
250.155,-1.44563
250.16,-16.573
250.165,-29.7222
250.17,-39.5507
250.175,-47.6778
250.18,-54.9401
250.185,-60.0238
250.19,-63.6383
250.195,-66.9026
250.2,-68.506
250.205,-68.3644
250.21,-68.3379
250.215,-67.9609
250.22,-66.315
250.225,-64.9343
250.23,-64.1822
250.235,-62.3364
250.24,-60.1615
250.245,-59.0365
250.25,-57.4824
250.255,-55.0922
250.26,-53.3279
250.265,-51.7576
250.27,-49.7605
250.275,-48.9482
250.28,-49.3726
250.285,-49.298
250.29,-49.3398
250.295,-50.5543
250.3,-51.2734
250.305,-51.2748
250.31,-52.3883
250.315,-53.775
250.32,-54.2089
250.325,-55.1335
250.33,-56.6992
250.335,-57.1706
250.34,-56.6641
250.345,-55.4957
250.35,-52.3825
250.355,-47.6533
250.36,-43.2841
250.365,-38.2578
250.37,-30.8985
250.375,-23.5404
250.38,-17.6813
250.385,-11.3831
250.39,-4.72966
250.395,0.446125
250.4,4.39212
250.405,6.0539
250.41,1.99633
250.415,-7.68218
250.42,-19.6114
250.425,-32.4777
250.43,-44.5894
250.435,-53.2402
250.44,-59.1168
250.445,-63.7728
250.45,-65.985
250.455,-65.9609
250.46,-66.5159
250.465,-68.1446
250.47,-69.8231
250.475,-70.8194
250.48,-67.5413
250.485,-53.5329
250.49,-19.6466
250.495,42.7181
250.5,131.085
250.505,221.547
250.51,279.951
250.515,280.988
250.52,225.453
250.525,138.653
250.53,52.1112
250.535,-12.4182
250.54,-50.7239
250.545,-68.7117
250.55,-72.8899
250.555,-70.5652
250.56,-68.0683
250.565,-66.3347
250.57,-64.4096
250.575,-63.023
250.58,-61.3177
250.585,-56.851
250.59,-50.773
250.595,-45.1033
250.6,-39.186
250.605,-32.9559
250.61,-27.6892
250.615,-22.3571
250.62,-15.2599
250.625,-7.49494
250.63,-0.377887
250.635,6.47407
250.64,13.1345
250.645,19.7737
250.65,28.3778
250.655,39.6499
250.66,51.4384
250.665,63.1148
250.67,75.9685
250.675,89.6222
250.68,103.5
250.685,118.228
250.69,132.014
250.695,141.87
250.7,147.808
250.705,150.692
250.71,150.474
250.715,148.126
250.72,144.618
250.725,137.851
250.73,125.851
250.735,109.766
250.74,90.5758
250.745,68.8173
250.75,47.1664
250.755,27.2822
250.76,8.09368
250.765,-9.26341
250.77,-23.0663
250.775,-34.9316
250.78,-45.5143
250.785,-52.9895
250.79,-57.7619
250.795,-61.8446
250.8,-64.8556
250.805,-66.7273
250.81,-69.0541
250.815,-70.799
250.82,-69.84
250.825,-67.452
250.83,-64.8996
250.835,-61.4366
250.84,-58.3301
250.845,-57.4891
250.85,-57.4862
250.855,-56.9061
250.86,-56.3663
250.865,-55.526
250.87,-53.5252
250.875,-51.8869
250.88,-51.4606
250.885,-50.6746
250.89,-49.6001
250.895,-49.0832
250.9,-47.44
250.905,-44.2214
250.91,-42.1202
250.915,-41.7368
250.92,-41.5226
250.925,-42.6221
250.93,-45.3706
250.935,-47.3284
250.94,-48.5024
250.945,-49.5471
250.95,-48.1443
250.955,-44.0421
250.96,-39.9885
250.965,-36.0759
250.97,-30.7727
250.975,-24.926
250.98,-19.3033
250.985,-13.1327
250.99,-6.60654
250.995,-0.623755
251,5.19781
251.005,10.1553
251.01,11.1391
251.015,6.61095
251.02,-3.05833
251.025,-17.323
251.03,-33.0172
251.035,-44.9688
251.04,-52.6122
251.045,-57.9864
251.05,-60.5926
251.055,-60.8945
251.06,-61.9902
251.065,-65.0931
251.07,-68.7601
251.075,-72.9113
251.08,-76.5032
251.085,-74.5098
251.09,-63.0663
251.095,-35.4191
251.1,19.9203
251.105,104.45
251.11,199.138
251.115,272.827
251.12,296.524
251.125,258.774
251.13,178.251
251.135,88.1822
251.14,12.7982
251.145,-38.7399
251.15,-66.2881
251.155,-75.8986
251.16,-76.611
251.165,-73.7304
251.17,-69.118
251.175,-64.9015
251.18,-61.7627
251.185,-58.568
251.19,-55.2842
251.195,-52.4481
251.2,-48.6013
251.205,-43.2638
251.21,-38.0542
251.215,-32.266
251.22,-24.5094
251.225,-16.8469
251.23,-10.3718
251.235,-3.38136
251.24,4.10639
251.245,11.205
251.25,19.5885
251.255,29.9099
251.26,40.3157
251.265,50.9491
251.27,63.0668
251.275,75.3525
251.28,86.7767
251.285,98.4113
251.29,109.604
251.295,118.941
251.3,127.307
251.305,134.956
251.31,139.811
251.315,141.492
251.32,140.675
251.325,135.949
251.33,126.719
251.335,114.195
251.34,98.2476
251.345,78.5397
251.35,57.5608
251.355,37.1521
251.36,16.9798
251.365,-1.75898
251.37,-17.3759
251.375,-31.2641
251.38,-44.1118
251.385,-54.0809
251.39,-61.6999
251.395,-68.5047
251.4,-73.5173
251.405,-76.7047
251.41,-79.6054
251.415,-81.4157
251.42,-80.7416
251.425,-79.2301
251.43,-78.188
251.435,-76.6418
251.44,-75.0699
251.445,-74.5247
251.45,-73.7361
251.455,-72.5068
251.46,-72.3821
251.465,-72.5302
251.47,-71.5811
251.475,-70.8285
251.48,-70.6566
251.485,-69.3447
251.49,-67.7226
251.495,-67.7405
251.5,-68.1268
251.505,-68.0486
251.51,-68.5292
251.515,-68.3871
251.52,-66.3168
251.525,-64.5197
251.53,-64.2183
251.535,-63.8647
251.54,-63.9061
251.545,-65.4412
251.55,-66.5727
251.555,-65.679
251.56,-63.8131
251.565,-60.9259
251.57,-56.3557
251.575,-51.9874
251.58,-48.1979
251.585,-42.8807
251.59,-37.0473
251.595,-32.5589
251.6,-27.5254
251.605,-20.9545
251.61,-15.375
251.615,-11.8621
251.62,-10.7635
251.625,-15.551
251.63,-27.1179
251.635,-41.2553
251.64,-55.2119
251.645,-67.945
251.65,-76.9278
251.655,-81.515
251.66,-84.2427
251.665,-86.1011
251.67,-87.2068
251.675,-89.482
251.68,-93.2915
251.685,-96.4723
251.69,-97.1323
251.695,-92.6622
251.7,-77.0981
251.705,-39.8585
251.71,26.9663
251.715,119.69
251.72,215.232
251.725,277.882
251.73,280.035
251.735,223.058
251.74,133.595
251.745,43.0566
251.75,-26.3308
251.755,-68.1564
251.76,-88.2121
251.765,-93.972
251.77,-91.3633
251.775,-86.6896
251.78,-83.1476
251.785,-79.7301
251.79,-76.4209
251.795,-73.6777
251.8,-69.5432
251.805,-63.5046
251.81,-57.4269
251.815,-51.0508
251.82,-43.6174
251.825,-36.8645
251.83,-31.3122
251.835,-25.2593
251.84,-19.0137
251.845,-13.0638
251.85,-5.22587
251.855,4.96899
251.86,15.1049
251.865,25.5583
251.87,37.61
251.875,49.6394
251.88,61.4096
251.885,74.5342
251.89,87.3205
251.895,97.899
251.9,108.669
251.905,120.538
251.91,130.397
251.915,137.023
251.92,140.914
251.925,140.328
251.93,134.679
251.935,126.23
251.94,114.885
251.945,99.3964
251.95,81.303
251.955,62.2377
251.96,41.9584
251.965,21.7912
251.97,3.05329
251.975,-15.372
251.98,-33.1912
251.985,-47.9518
251.99,-59.7741
251.995,-70.1437
252,-77.444
252.005,-80.7312
252.01,-82.6042
252.015,-83.5042
252.02,-82.4605
252.025,-81.3012
252.03,-80.4371
252.035,-78.621
252.04,-76.6931
252.045,-75.639
252.05,-73.9786
252.055,-71.1289
252.06,-68.8472
252.065,-66.2502
252.07,-62.4876
252.075,-59.9531
252.08,-59.8577
252.085,-60.5958
252.09,-61.0516
252.095,-61.1675
252.1,-59.7889
252.105,-56.987
252.11,-55.1495
252.115,-54.8135
252.12,-54.971
252.125,-56.3871
252.13,-58.4852
252.135,-59.1121
252.14,-58.8786
252.145,-59.1165
252.15,-58.441
252.155,-56.2419
252.16,-54.188
252.165,-52.3151
252.17,-49.4656
252.175,-46.6959
252.18,-43.6965
252.185,-38.2903
252.19,-32.3653
252.195,-28.5143
252.2,-24.6743
252.205,-19.4628
252.21,-14.8947
252.215,-11.8032
252.22,-10.8995
252.225,-16.0047
252.23,-27.846
252.235,-41.9227
252.24,-55.5088
252.245,-67.6264
252.25,-76.2455
252.255,-81.2987
252.26,-84.8287
252.265,-87.0113
252.27,-87.5095
252.275,-88.3108
252.28,-90.2391
252.285,-92.2359
252.29,-93.3582
252.295,-90.6402
252.3,-77.7105
252.305,-45.0812
252.31,16.4391
252.315,106.802
252.32,205.966
252.325,278.487
252.33,293.912
252.335,246.57
252.34,158.972
252.345,63.9588
252.35,-12.525
252.355,-61.2147
252.36,-86.0269
252.365,-93.9866
252.37,-92.2245
252.375,-88.0109
252.38,-84.704
252.385,-81.7139
252.39,-79.4246
252.395,-78.1606
252.4,-75.9995
252.405,-72.6104
252.41,-69.3859
252.415,-65.0782
252.42,-58.5814
252.425,-51.9744
252.43,-46.1075
252.435,-39.4209
252.44,-32.0895
252.445,-24.9493
252.45,-16.8117
252.455,-7.59129
252.46,1.42202
252.465,11.26
252.47,23.1784
252.475,35.7578
252.48,48.7292
252.485,63.2789
252.49,78.0869
252.495,91.6365
252.5,104.533
252.505,115.902
252.51,123.45
252.515,128.117
252.52,131.567
252.525,132.149
252.53,129.083
252.535,123.418
252.54,113.823
252.545,99.1226
252.55,81.3458
252.555,61.2439
252.56,38.3322
252.565,14.9048
252.57,-5.68943
252.575,-23.4241
252.58,-38.8442
252.585,-51.1221
252.59,-61.646
252.595,-71.9218
252.6,-80.1993
252.605,-85.3739
252.61,-88.9273
252.615,-90.4701
252.62,-89.2844
252.625,-87.4393
252.63,-86.2959
252.635,-84.6594
252.64,-82.7572
252.645,-82.0195
252.65,-81.4729
252.655,-80.1256
252.66,-78.9966
252.665,-77.5878
252.67,-74.859
252.675,-72.6046
252.68,-71.3915
252.685,-69.3884
252.69,-67.3629
252.695,-67.1297
252.7,-67.1665
252.705,-66.3458
252.71,-66.2204
252.715,-66.6303
252.72,-66.2823
252.725,-66.1348
252.73,-66.5279
252.735,-65.9461
252.74,-65.0434
252.745,-65.0313
252.75,-64.1618
252.755,-61.5534
252.76,-58.8257
252.765,-56.0205
252.77,-52.1641
252.775,-48.4562
252.78,-45.2792
252.785,-40.7763
252.79,-35.6993
252.795,-32.2586
252.8,-28.8467
252.805,-23.3231
252.81,-17.1372
252.815,-11.5724
252.82,-7.75488
252.825,-9.41634
252.83,-18.5911
252.835,-31.9579
252.84,-46.1685
252.845,-59.2781
252.85,-68.4723
252.855,-73.5012
252.86,-76.9863
252.865,-78.9869
252.87,-78.8035
252.875,-78.9081
252.88,-80.8831
252.885,-83.3958
252.89,-84.9968
252.895,-83.3898
252.9,-73.7338
252.905,-48.0816
252.91,2.80183
252.915,81.6972
252.92,173.283
252.925,245.421
252.93,268.246
252.935,232.44
252.94,155.719
252.945,67.8271
252.95,-5.32026
252.955,-52.7613
252.96,-77.5119
252.965,-86.4272
252.97,-85.8158
252.975,-82.0871
252.98,-78.5195
252.985,-74.2779
252.99,-69.8502
252.995,-66.3341
253,-62.0995
253.005,-56.301
253.01,-51.0251
253.015,-46.4119
253.02,-40.8476
253.025,-34.9365
253.03,-28.9714
253.035,-21.5562
253.04,-13.6113
253.045,-6.68272
253.05,0.838463
253.055,10.0434
253.06,19.1203
253.065,28.1175
253.07,38.2524
253.075,48.2038
253.08,57.9679
253.085,69.4771
253.09,82.0552
253.095,93.6116
253.1,104.624
253.105,115.011
253.11,122.905
253.115,128.666
253.12,133.385
253.125,135.267
253.13,133.157
253.135,128.039
253.14,118.908
253.145,104.507
253.15,86.9423
253.155,67.9021
253.16,47.0775
253.165,26.2799
253.17,7.71264
253.175,-9.68688
253.18,-26.3712
253.185,-40.1524
253.19,-50.8522
253.195,-59.5322
253.2,-65.049
253.205,-67.3552
253.21,-68.9132
253.215,-70.2008
253.22,-70.4003
253.225,-70.9645
253.23,-72.4537
253.235,-73.214
253.24,-73.2445
253.245,-73.1286
253.25,-71.409
253.255,-68.3311
253.26,-66.2702
253.265,-64.8741
253.27,-62.7493
253.275,-60.9511
253.28,-60.2244
253.285,-59.0498
253.29,-57.9625
253.295,-58.0861
253.3,-57.1464
253.305,-54.1169
253.31,-51.6875
253.315,-50.6893
253.32,-50.1134
253.325,-50.8853
253.33,-53.3037
253.335,-54.9026
253.34,-55.3315
253.345,-55.4025
253.35,-53.5476
253.355,-49.5929
253.36,-45.6653
253.365,-41.9539
253.37,-37.7606
253.375,-33.8648
253.38,-30.0282
253.385,-24.975
253.39,-19.6995
253.395,-14.3813
253.4,-6.8974
253.405,1.01061
253.41,3.98091
253.415,0.28394
253.42,-8.44321
253.425,-20.5787
253.43,-33.6648
253.435,-43.9906
253.44,-51.0232
253.445,-56.9163
253.45,-61.1626
253.455,-63.3931
253.46,-65.1696
253.465,-66.1616
253.47,-65.8749
253.475,-66.7497
253.48,-68.7095
253.485,-66.8404
253.49,-57.6557
253.495,-34.8956
253.5,13.3909
253.505,89.7105
253.51,176.321
253.515,244.422
253.52,266.73
253.525,230.791
253.53,154.128
253.535,69.5768
253.54,0.479605
253.545,-44.8466
253.55,-66.8261
253.555,-72.5244
253.56,-71.4223
253.565,-68.0855
253.57,-63.5918
253.575,-59.8925
253.58,-57.6143
253.585,-54.9013
253.59,-51.7066
253.595,-48.9291
253.6,-44.9733
253.605,-39.1913
253.61,-33.1897
253.615,-26.8086
253.62,-19.3412
253.625,-12.6668
253.63,-6.92945
253.635,-0.235681
253.64,6.77913
253.645,13.3307
253.65,21.4199
253.655,31.4868
253.66,41.3352
253.665,51.2018
253.67,62.2806
253.675,73.0636
253.68,82.8465
253.685,93.1064
253.69,103.203
253.695,111.892
253.7,120.211
253.705,127.762
253.71,132.222
253.715,133.915
253.72,133.612
253.725,128.789
253.73,118.441
253.735,104.311
253.74,86.3467
253.745,64.8116
253.75,42.9089
253.755,22.3512
253.76,2.13249
253.765,-16.3869
253.77,-31.1194
253.775,-43.1827
253.78,-53.1725
253.785,-59.9143
253.79,-64.6293
253.795,-69.103
253.8,-72.4604
253.805,-74.8894
253.81,-78.1866
253.815,-81.5206
253.82,-83.2562
253.825,-84.3408
253.83,-85.14
253.835,-84.4819
253.84,-83.394
253.845,-83.1549
253.85,-82.2769
253.855,-80.3849
253.86,-79.1191
253.865,-77.9588
253.87,-75.8156
253.875,-74.2017
253.88,-73.4969
253.885,-72.3424
253.89,-71.5906
253.895,-72.2848
253.9,-72.6534
253.905,-72.2252
253.91,-72.9833
253.915,-74.2803
253.92,-74.5806
253.925,-75.2173
253.93,-76.4803
253.935,-76.3531
253.94,-74.7151
253.945,-72.6105
253.95,-69.1774
253.955,-64.7085
253.96,-61.4604
253.965,-58.5586
253.97,-54.2757
253.975,-49.9839
253.98,-45.8771
253.985,-39.6397
253.99,-31.728
253.995,-24.6318
254,-19.1889
254.005,-17.9294
254.01,-24.5595
254.015,-37.073
254.02,-50.4863
254.025,-62.63
254.03,-71.7983
254.035,-76.1654
254.04,-77.9277
254.045,-80.0124
254.05,-81.3654
254.055,-81.8409
254.06,-83.5617
254.065,-86.3488
254.07,-88.7024
254.075,-89.262
254.08,-84.1114
254.085,-64.8629
254.09,-20.8314
254.095,53.1037
254.1,147.654
254.105,234.66
254.11,280.332
254.115,264.769
254.12,197.28
254.125,106.441
254.13,21.8342
254.135,-38.4088
254.14,-72.3839
254.145,-87.0871
254.15,-89.5189
254.155,-86.1283
254.16,-82.5108
254.165,-79.7506
254.17,-77.1111
254.175,-75.5341
254.18,-74.1993
254.185,-70.5811
254.19,-64.9689
254.195,-58.6266
254.2,-50.9735
254.205,-42.8823
254.21,-36.7054
254.215,-31.7356
254.22,-26.2935
254.225,-21.1903
254.23,-16.0877
254.235,-9.13433
254.24,-1.19878
254.245,6.34041
254.25,15.3415
254.255,26.5981
254.26,38.1389
254.265,49.6481
254.27,62.016
254.275,74.0577
254.28,85.7174
254.285,98.1815
254.29,109.797
254.295,118.698
254.3,125.595
254.305,129.71
254.31,128.718
254.315,123.068
254.32,114.361
254.325,101.479
254.33,84.775
254.335,66.535
254.34,47.1366
254.345,26.466
254.35,6.78915
254.355,-11.0331
254.36,-28.236
254.365,-43.3379
254.37,-54.3432
254.375,-62.7996
254.38,-69.8061
254.385,-74.5249
254.39,-78.14
254.395,-81.888
254.4,-84.0265
254.405,-84.284
254.41,-84.585
254.415,-84.325
254.42,-82.5574
254.425,-81.3631
254.43,-81.4015
254.435,-80.83
254.44,-79.9925
254.445,-79.9103
254.45,-79.1947
254.455,-77.4587
254.46,-76.4093
254.465,-75.8836
254.47,-75.0508
254.475,-74.9647
254.48,-75.2948
254.485,-74.7145
254.49,-74.0786
254.495,-74.1016
254.5,-73.0439
254.505,-71.1689
254.51,-70.8079
254.515,-71.2638
254.52,-71.2786
254.525,-71.7846
254.53,-72.5049
254.535,-70.9345
254.54,-66.9475
254.545,-62.873
254.55,-58.5765
254.555,-53.6797
254.56,-49.7978
254.565,-46.0659
254.57,-41.0196
254.575,-35.902
254.58,-31.3158
254.585,-24.8715
254.59,-17.0451
254.595,-11.2021
254.6,-8.70251
254.605,-11.3799
254.61,-21.3145
254.615,-35.5529
254.62,-49.3148
254.625,-61.2527
254.63,-70.7077
254.635,-76.0519
254.64,-78.289
254.645,-79.637
254.65,-79.8205
254.655,-78.7616
254.66,-78.8903
254.665,-80.0775
254.67,-78.7809
254.675,-72.9034
254.68,-59.2111
254.685,-27.0119
254.69,33.7494
254.695,120.162
254.7,211.305
254.705,274.864
254.71,281.66
254.715,229.329
254.72,144.109
254.725,56.4736
254.73,-12.6998
254.735,-54.6867
254.74,-73.0368
254.745,-77.1867
254.75,-74.124
254.755,-68.2155
254.76,-63.5556
254.765,-60.7694
254.77,-58.0118
254.775,-55.4829
254.78,-52.957
254.785,-48.1792
254.79,-41.5869
254.795,-35.2579
254.8,-28.6334
254.805,-21.4837
254.81,-15.5967
254.815,-10.5747
254.82,-4.98744
254.825,0.541475
254.83,6.49691
254.835,14.961
254.84,25.1407
254.845,35.0088
254.85,45.5951
254.855,57.192
254.86,67.8192
254.865,77.7028
254.87,88.2618
254.875,98.6294
254.88,108.178
254.885,117.916
254.89,126.825
254.895,132.884
254.9,136.585
254.905,137.861
254.91,134.854
254.915,127.861
254.92,117.841
254.925,103.696
254.93,85.7464
254.935,66.577
254.94,46.9641
254.945,26.8363
254.95,8.66536
254.955,-6.09724
254.96,-19.118
254.965,-30.5754
254.97,-39.6323
254.975,-47.5838
254.98,-55.046
254.985,-60.172
254.99,-63.1433
254.995,-65.4051
255,-66.0809
255.005,-65.0049
255.01,-64.3533
255.015,-64.1861
255.02,-63.076
255.025,-61.8596
255.03,-60.8233
255.035,-58.609
255.04,-56.1679
255.045,-54.8235
255.05,-52.7307
255.055,-49.2181
255.06,-46.6937
255.065,-45.2245
255.07,-43.2782
255.075,-42.0769
255.08,-42.371
255.085,-42.6731
255.09,-43.2374
255.095,-44.9059
255.1,-45.9056
255.105,-45.4407
255.11,-45.2564
255.115,-45.2438
255.12,-44.3081
255.125,-44.0781
255.13,-44.5697
255.135,-43.2117
255.14,-40.6723
255.145,-38.7667
255.15,-36.0349
255.155,-31.9682
255.16,-28.4159
255.165,-25.3349
255.17,-21.2015
255.175,-16.4372
255.18,-10.9227
255.185,-3.59442
255.19,2.95306
255.195,4.81694
255.2,1.21907
255.205,-7.41419
255.21,-20.2421
255.215,-33.4163
255.22,-43.4763
255.225,-51.3467
255.23,-57.5738
255.235,-60.8667
255.24,-62.5864
255.245,-64.7069
255.25,-66.3132
255.255,-67.0013
255.26,-68.4588
255.265,-69.1464
255.27,-64.5643
255.275,-52.3963
255.28,-25.7877
255.285,27.0833
255.29,106.748
255.295,194.424
255.3,261.528
255.305,280.159
255.31,240.289
255.315,162.293
255.32,78.0434
255.325,8.96323
255.33,-36.5812
255.335,-58.677
255.34,-64.7216
255.345,-63.508
255.35,-59.1119
255.355,-54.1752
255.36,-51.4617
255.365,-50.1415
255.37,-48.2016
255.375,-45.9943
255.38,-42.9402
255.385,-37.4825
255.39,-30.9827
255.395,-25.2298
255.4,-19.0887
255.405,-12.3119
255.41,-6.61454
255.415,-1.08724
255.42,6.04653
255.425,13.5666
255.43,20.9838
255.435,29.7484
255.44,39.0699
255.445,47.9276
255.45,57.8123
255.455,69.1364
255.46,80.1828
255.465,91.2694
255.47,103.321
255.475,114.863
255.48,125.126
255.485,134.66
255.49,141.85
255.495,144.993
255.5,145.32
255.505,143.164
255.51,136.807
255.515,126.729
255.52,114.509
255.525,99.2888
255.53,81.1298
255.535,62.4865
255.54,43.9399
255.545,25.3221
255.55,8.89661
255.555,-4.94254
255.56,-17.946
255.565,-28.7561
255.57,-36.0413
255.575,-41.7452
255.58,-46.8098
255.585,-50.2009
255.59,-52.8749
255.595,-56.2168
255.6,-58.3692
255.605,-58.6426
255.61,-59.0403
255.615,-59.0993
255.62,-57.3283
255.625,-55.1581
255.63,-53.6671
255.635,-52.02
255.64,-51.0645
255.645,-51.3522
255.65,-50.7103
255.655,-48.6814
255.66,-47.3165
255.665,-46.5137
255.67,-45.5384
255.675,-45.7119
255.68,-46.746
255.685,-46.3708
255.69,-44.9801
255.695,-44.4302
255.7,-43.9382
255.705,-43.2108
255.71,-43.8697
255.715,-45.2863
255.72,-45.543
255.725,-45.4346
255.73,-45.5478
255.735,-44.1188
255.74,-41.2234
255.745,-38.2213
255.75,-34.1975
255.755,-29.259
255.76,-25.5828
255.765,-22.8321
255.77,-19.6382
255.775,-16.4015
255.78,-12.0257
255.785,-4.10058
255.79,5.52182
255.795,12.8129
255.8,16.3928
255.805,14.535
255.81,5.51519
255.815,-7.38891
255.82,-19.6866
255.825,-30.3063
255.83,-38.3303
255.835,-42.2803
255.84,-43.6663
255.845,-44.6739
255.85,-44.5832
255.855,-43.8702
255.86,-45.1096
255.865,-47.8681
255.87,-49.015
255.875,-46.3936
255.88,-37.0441
255.885,-11.9209
255.89,38.7247
255.895,114.879
255.9,201.369
255.905,269.064
255.91,288.424
255.915,250.91
255.92,176.081
255.925,92.0387
255.93,21.425
255.935,-24.3786
255.94,-47.4738
255.945,-55.4632
255.95,-53.8808
255.955,-48.3229
255.96,-43.9883
255.965,-40.9465
255.97,-37.845
255.975,-35.6584
255.98,-34.174
255.985,-31.1668
255.99,-27.0066
255.995,-22.7865
256,-17.1865
256.005,-9.96576
256.01,-3.44937
256.015,2.76508
256.02,10.0312
256.025,16.3111
256.03,21.3101
256.035,27.2768
256.04,33.804
256.045,39.8441
256.05,46.9168
256.055,56.1649
256.06,66.6059
256.065,78.203
256.07,91.0668
256.075,103.159
256.08,113.897
256.085,124.279
256.09,133.125
256.095,139.199
256.1,143.522
256.105,145.827
256.11,144.181
256.115,139.259
256.12,132.05
256.125,120.954
256.13,105.856
256.135,89.2229
256.14,70.8168
256.145,50.2629
256.15,30.3274
256.155,12.717
256.16,-2.91035
256.165,-15.1241
256.17,-23.1796
256.175,-29.4189
256.18,-35.0824
256.185,-39.5703
256.19,-44.0713
256.195,-49.414
256.2,-53.3997
256.205,-55.1466
256.21,-55.9312
256.215,-55.4689
256.22,-53.4437
256.225,-52.047
256.23,-51.0978
256.235,-48.6349
256.24,-45.5986
256.245,-43.9635
256.25,-43.0026
256.255,-41.976
256.26,-41.9126
256.265,-41.6912
256.27,-39.9719
256.275,-38.5831
256.28,-38.2822
256.285,-37.5721
256.29,-36.7707
256.295,-36.633
256.3,-36.174
256.305,-35.4791
256.31,-36.3323
256.315,-37.8028
256.32,-38.1918
256.325,-38.6817
256.33,-39.7495
256.335,-40.1345
256.34,-40.5484
256.345,-41.7716
256.35,-41.5265
256.355,-39.0476
256.36,-36.4668
256.365,-33.5163
256.37,-29.613
256.375,-26.4325
256.38,-24.0548
256.385,-20.9996
256.39,-17.5289
256.395,-13.9752
256.4,-8.46317
256.405,-1.46625
256.41,3.82103
256.415,6.07674
256.42,4.01386
256.425,-4.55293
256.43,-17.2827
256.435,-29.0529
256.44,-38.5961
256.445,-46.2999
256.45,-50.3923
256.455,-51.3701
256.46,-52.0716
256.465,-52.7101
256.47,-52.9644
256.475,-54.8499
256.48,-58.3012
256.485,-59.5304
256.49,-55.6489
256.495,-43.4972
256.5,-12.2699
256.505,48.5411
256.51,135.07
256.515,226.624
256.52,293.871
256.525,309.704
256.53,266.139
256.535,184.547
256.54,95.4133
256.545,20.8089
256.55,-28.7009
256.555,-53.8344
256.56,-62.9507
256.565,-63.1113
256.57,-58.6427
256.575,-54.4729
256.58,-52.2561
256.585,-49.1928
256.59,-44.9057
256.595,-41.3012
256.6,-37.6734
256.605,-32.9369
256.61,-27.8654
256.615,-22.0012
256.62,-14.3752
256.625,-6.82686
256.63,-0.406947
256.635,6.93925
256.64,15.5274
256.645,23.445
256.65,30.8534
256.655,38.6065
256.66,46.1088
256.665,54.2374
256.67,64.2602
256.675,75.1447
256.68,86.4296
256.685,99.066
256.69,112.552
256.695,125.123
256.7,136.56
256.705,146.491
256.71,153.286
256.715,157.133
256.72,158.963
256.725,157.2
256.73,150.472
256.735,140.154
256.74,126.278
256.745,108.696
256.75,89.5058
256.755,70.6454
256.76,52.0392
256.765,34.6506
256.77,19.6358
256.775,5.41243
256.78,-8.26063
256.785,-19.0635
256.79,-27.1412
256.795,-33.8959
256.8,-38.4489
256.805,-40.7642
256.81,-43.2991
256.815,-46.1852
256.82,-47.7918
256.825,-48.9949
256.83,-50.3217
256.835,-50.2534
256.84,-49.262
256.845,-48.8875
256.85,-47.803
256.855,-45.3037
256.86,-43.2276
256.865,-41.4014
256.87,-38.6143
256.875,-36.575
256.88,-35.8258
256.885,-34.6711
256.89,-33.8871
256.895,-34.7257
256.9,-35.1545
256.905,-34.1767
256.91,-33.4543
256.915,-32.5019
256.92,-30.2993
256.925,-29.268
256.93,-30.4634
256.935,-31.8816
256.94,-32.9596
256.945,-34.5345
256.95,-35.7586
256.955,-36.4528
256.96,-37.7119
256.965,-38.6626
256.97,-37.7104
256.975,-35.7975
256.98,-33.6166
256.985,-29.7673
256.99,-24.8063
256.995,-21.3339
257,-18.9262
257.005,-16.3418
257.01,-14.6484
257.015,-12.5103
257.02,-7.06942
257.025,1.03893
257.03,9.57058
257.035,16.9516
257.04,19.7147
257.045,14.5313
257.05,3.27129
257.055,-9.93326
257.06,-22.9344
257.065,-33.5441
257.07,-40.1533
257.075,-44.3732
257.08,-47.5399
257.085,-48.91
257.09,-49.7302
257.095,-52.0299
257.1,-54.7579
257.105,-57.253
257.11,-59.1192
257.115,-56.089
257.12,-42.5326
257.125,-10.4342
257.13,49.9384
257.135,138.637
257.14,233.407
257.145,299.693
257.15,310.268
257.155,261.07
257.16,174.002
257.165,81.8166
257.17,9.06297
257.175,-36.9867
257.18,-59.8313
257.185,-65.9131
257.19,-63.3457
257.195,-58.5407
257.2,-53.1091
257.205,-48.0064
257.21,-45.0313
257.215,-43.3309
257.22,-40.7807
257.225,-38.3063
257.23,-36.4078
257.235,-32.7484
257.24,-27.2318
257.245,-21.6516
257.25,-15.6251
257.255,-8.79906
257.26,-2.52863
257.265,3.80913
257.27,11.825
257.275,20.5092
257.28,29.4575
257.285,39.7392
257.29,50.1323
257.295,59.2269
257.3,68.4103
257.305,78.7019
257.31,88.9684
257.315,99.4397
257.32,111.031
257.325,122.229
257.33,131.922
257.335,140.622
257.34,146.896
257.345,148.768
257.35,146.996
257.355,141.562
257.36,130.98
257.365,116.398
257.37,100.03
257.375,81.2878
257.38,60.0275
257.385,38.8159
257.39,18.4733
257.395,-1.01038
257.4,-17.497
257.405,-30.3203
257.41,-41.1264
257.415,-49.2807
257.42,-53.7064
257.425,-56.786
257.43,-59.7454
257.435,-60.8537
257.44,-60.5433
257.445,-60.1873
257.45,-59.1785
257.455,-57.5051
257.46,-56.6757
257.465,-56.1164
257.47,-54.6891
257.475,-53.7633
257.48,-53.7447
257.485,-52.8936
257.49,-51.7743
257.495,-51.9011
257.5,-51.5252
257.505,-49.8815
257.51,-49.0474
257.515,-48.7273
257.52,-47.5394
257.525,-46.8856
257.53,-47.4394
257.535,-47.5856
257.54,-47.5321
257.545,-48.5186
257.55,-49.5212
257.555,-49.7515
257.56,-50.5211
257.565,-51.0249
257.57,-49.7071
257.575,-48.2019
257.58,-47.6584
257.585,-46.7448
257.59,-46.0707
257.595,-46.7553
257.6,-47.431
257.605,-46.8109
257.61,-45.268
257.615,-42.2564
257.62,-37.644
257.625,-33.4991
257.63,-30.3143
257.635,-25.9669
257.64,-20.7868
257.645,-16.1412
257.65,-10.5707
257.655,-3.45725
257.66,3.50693
257.665,9.46327
257.67,13.49
257.675,12.4099
257.68,4.56932
257.685,-7.47407
257.69,-21.1043
257.695,-34.1862
257.7,-43.1951
257.705,-47.6273
257.71,-50.2488
257.715,-51.954
257.72,-52.7194
257.725,-54.3051
257.73,-56.7742
257.735,-58.5429
257.74,-59.9995
257.745,-60.1882
257.75,-54.7323
257.755,-38.1406
257.76,-0.633451
257.765,67.8936
257.77,161.847
257.775,252.778
257.78,306.421
257.785,300.454
257.79,238.698
257.795,148.367
257.8,61.5351
257.805,-2.59933
257.81,-40.7173
257.815,-56.8083
257.82,-57.8214
257.825,-52.9108
257.83,-47.8051
257.835,-43.2366
257.84,-40.0798
257.845,-38.7735
257.85,-37.0489
257.855,-34.0441
257.86,-31.1325
257.865,-27.4118
257.87,-21.7278
257.875,-15.7889
257.88,-10.3836
257.885,-4.3943
257.89,1.63085
257.895,7.21554
257.9,13.7064
257.905,21.2616
257.91,28.4437
257.915,36.0547
257.92,45.4736
257.925,55.1238
257.93,64.5751
257.935,75.4714
257.94,87.2358
257.945,98.7145
257.95,111.003
257.955,123.769
257.96,134.553
257.965,143.217
257.97,150.359
257.975,154.159
257.98,154.341
257.985,152.504
257.99,147.382
257.995,137.449
258,124.227
258.005,108.455
258.01,89.1185
258.015,67.8351
258.02,47.2689
258.025,27.2757
258.03,8.58786
258.035,-6.77009
258.04,-19.7235
258.045,-31.1434
258.05,-39.2407
258.055,-44.0242
258.06,-47.6767
258.065,-50.2983
258.07,-51.4425
258.075,-52.4273
258.08,-53.2632
258.085,-52.8411
258.09,-51.9781
258.095,-51.6555
258.1,-50.2864
258.105,-47.4395
258.11,-44.9539
258.115,-42.4382
258.12,-38.8305
258.125,-35.6387
258.13,-33.4062
258.135,-31.0351
258.14,-29.3031
258.145,-29.0986
258.15,-28.6502
258.155,-27.7005
258.16,-27.8588
258.165,-28.3213
258.17,-27.7543
258.175,-27.3623
258.18,-27.1638
258.185,-25.6123
258.19,-23.7698
258.195,-23.3016
258.2,-23.0203
258.205,-22.8334
258.21,-24.0035
258.215,-25.2691
258.22,-25.3447
258.225,-25.957
258.23,-27.5582
258.235,-28.2217
258.24,-27.9219
258.245,-26.9479
258.25,-23.8202
258.255,-18.9917
258.26,-14.8491
258.265,-10.8537
258.27,-5.86168
258.275,-1.63836
258.28,1.26642
258.285,5.32699
258.29,10.8828
258.295,16.1087
258.3,20.7196
258.305,23.0284
258.31,19.408
258.315,10.1101
258.32,-1.91606
258.325,-15.2662
258.33,-27.3355
258.335,-35.0021
258.34,-38.9135
258.345,-40.9876
258.35,-40.8759
258.355,-39.635
258.36,-39.9776
258.365,-41.8433
258.37,-44.195
258.375,-46.1295
258.38,-43.4349
258.385,-30.3271
258.39,1.11776
258.395,60.0692
258.4,146.252
258.405,237.882
258.41,300.717
258.415,308.303
258.42,259.179
258.425,176.127
258.43,89.722
258.435,22.4347
258.44,-19.2878
258.445,-39.6921
258.45,-44.9751
258.455,-41.7517
258.46,-36.921
258.465,-33.0252
258.47,-29.422
258.475,-26.9789
258.48,-25.9406
258.485,-24.2144
258.49,-21.611
258.495,-19.1589
258.5,-15.4166
258.505,-9.79707
258.51,-4.27583
258.515,1.54673
258.52,8.96944
258.525,16.5287
258.53,23.5181
258.535,31.2708
258.54,39.1811
258.545,45.8282
258.55,52.7235
258.555,61.2864
258.56,70.2928
258.565,79.9841
258.57,91.4516
258.575,103.167
258.58,114.535
258.585,127.002
258.59,139.282
258.595,148.977
258.6,156.678
258.605,162.639
258.61,164.806
258.615,163.082
258.62,158.871
258.625,151.206
258.63,139.434
258.635,124.867
258.64,107.456
258.645,86.7823
258.65,65.7085
258.655,46.1055
258.66,26.8285
258.665,8.90226
258.67,-5.69086
258.675,-18.0474
258.68,-28.6871
258.685,-35.9932
258.69,-40.8037
258.695,-45.1065
258.7,-48.0575
258.705,-49.1043
258.71,-50.0937
258.715,-51.1295
258.72,-50.9394
258.725,-50.8078
258.73,-51.4106
258.735,-50.9607
258.74,-49.6435
258.745,-48.8696
258.75,-47.789
258.755,-46.0641
258.76,-45.2974
258.765,-44.8568
258.77,-43.2932
258.775,-42.163
258.78,-42.1066
258.785,-41.2305
258.79,-40.0008
258.795,-40.1096
258.8,-40.3292
258.805,-39.8918
258.81,-40.4567
258.815,-41.391
258.82,-41.2093
258.825,-41.3353
258.83,-42.406
258.835,-42.5394
258.84,-41.9832
258.845,-42.3854
258.85,-42.6049
258.855,-42.1563
258.86,-42.8598
258.865,-44.1798
258.87,-44.2228
258.875,-43.5242
258.88,-41.969
258.885,-38.3123
258.89,-33.6012
258.895,-29.7479
258.9,-25.5322
258.905,-20.1095
258.91,-15.8989
258.915,-13.0812
258.92,-8.85018
258.925,-3.2719
258.93,1.93247
258.935,6.20181
258.94,7.37044
258.945,2.7739
258.95,-6.74174
258.955,-18.2034
258.96,-29.8791
258.965,-39.3908
258.97,-45.0602
258.975,-48.4486
258.98,-50.9622
258.985,-51.9556
258.99,-52.4858
258.995,-54.177
259,-56.0318
259.005,-57.6105
259.01,-59.1648
259.015,-57.246
259.02,-45.8537
259.025,-15.6457
259.03,43.802
259.035,131.927
259.04,225.497
259.045,289.886
259.05,298.787
259.055,249.592
259.06,164.725
259.065,76.132
259.07,6.90709
259.075,-36.6508
259.08,-57.878
259.085,-62.6864
259.09,-59.3568
259.095,-54.8844
259.1,-50.8737
259.105,-47.3855
259.11,-45.5012
259.115,-44.1108
259.12,-41.2588
259.125,-37.7598
259.13,-34.0578
259.135,-28.9421
259.14,-23.306
259.145,-18.5905
259.15,-13.5746
259.155,-7.81839
259.16,-2.83709
259.165,2.21405
259.17,8.98653
259.175,16.363
259.18,23.6733
259.185,32.228
259.19,41.6787
259.195,50.9417
259.2,61.3907
259.205,73.3554
259.21,84.9789
259.215,96.6765
259.22,109.369
259.225,120.708
259.23,129.329
259.235,136.403
259.24,140.967
259.245,141.316
259.25,138.748
259.255,133.739
259.26,124.373
259.265,110.861
259.27,95.2004
259.275,77.1992
259.28,57.3466
259.285,38.3494
259.29,20.4645
259.295,2.88681
259.3,-12.3887
259.305,-24.3527
259.31,-34.9352
259.315,-44.1385
259.32,-50.6233
259.325,-55.791
259.33,-60.5271
259.335,-63.3593
259.34,-65.1213
259.345,-67.416
259.35,-68.6854
259.355,-68.4788
259.36,-68.9898
259.365,-69.6951
259.37,-68.8376
259.375,-67.7554
259.38,-67.2915
259.385,-66.1399
259.39,-64.7303
259.395,-63.9638
259.4,-62.4815
259.405,-59.9562
259.41,-58.1953
259.415,-57.1694
259.42,-55.591
259.425,-54.6206
259.43,-54.7227
259.435,-54.2178
259.44,-53.6383
259.445,-54.1774
259.45,-54.2239
259.455,-53.1867
259.46,-52.7983
259.465,-52.6278
259.47,-51.4797
259.475,-51.3305
259.48,-53.1775
259.485,-55.2594
259.49,-57.3875
259.495,-59.9041
259.5,-60.9106
259.505,-60.0316
259.51,-59.043
259.515,-57.2114
259.52,-53.2212
259.525,-49.1828
259.53,-46.0778
259.535,-42.0627
259.54,-37.1305
259.545,-32.5289
259.55,-27.6915
259.555,-22.2992
259.56,-17.2901
259.565,-11.6045
259.57,-4.7692
259.575,0.0260612
259.58,0.558064
259.585,-2.87802
259.59,-11.3616
259.595,-24.2211
259.6,-36.946
259.605,-46.7047
259.61,-54.4819
259.615,-60.1369
259.62,-62.8154
259.625,-64.5068
259.63,-66.4469
259.635,-67.619
259.64,-69.4018
259.645,-72.9233
259.65,-74.4885
259.655,-70.3581
259.66,-56.4817
259.665,-20.4046
259.67,48.3573
259.675,141.844
259.68,233.627
259.685,291.587
259.69,289.667
259.695,228.731
259.7,138.173
259.705,50.2144
259.71,-17.0969
259.715,-58.0246
259.72,-75.8137
259.725,-79.8242
259.73,-77.6558
259.735,-72.7626
259.74,-68.3711
259.745,-66.323
259.75,-64.8041
259.755,-62.8271
259.76,-61.5389
259.765,-59.9071
259.77,-56.6054
259.775,-53.0785
259.78,-49.4503
259.785,-43.8974
259.79,-37.1173
259.795,-30.8962
259.8,-24.3278
259.805,-16.7016
259.81,-9.1107
259.815,-0.578983
259.82,10.1753
259.825,21.3464
259.83,32.2522
259.835,43.9873
259.84,55.5311
259.845,65.7335
259.85,76.3598
259.855,87.8902
259.86,98.5765
259.865,108.706
259.87,119.077
259.875,127.216
259.88,131.522
259.885,133.225
259.89,131.828
259.895,126.065
259.9,116.834
259.905,104.37
259.91,87.4169
259.915,67.6308
259.92,47.5716
259.925,27.1551
259.93,6.91522
259.935,-10.9413
259.94,-26.7086
259.945,-41.5427
259.95,-53.733
259.955,-62.2176
259.96,-68.5898
259.965,-73.2154
259.97,-76.2355
259.975,-79.5401
259.98,-82.9504
259.985,-84.2251
259.99,-84.024
259.995,-83.9016
260,-82.6851
260.005,-80.3418
260.01,-78.7654
260.015,-77.6855
260.02,-75.8411
260.025,-74.1751
260.03,-73.1365
260.035,-71.4693
260.04,-69.9545
260.045,-69.4468
260.05,-68.1335
260.055,-65.8685
260.06,-64.7395
260.065,-64.1382
260.07,-62.7398
260.075,-62.3808
260.08,-63.5101
260.085,-64.1601
260.09,-64.6888
260.095,-66.2701
260.1,-67.1756
260.105,-67.1806
260.11,-68.1544
260.115,-69.2679
260.12,-69.0828
260.125,-69.1615
260.13,-70.184
260.135,-70.4609
260.14,-69.7703
260.145,-68.3724
260.15,-65.0828
260.155,-60.6641
260.16,-57.5849
260.165,-55.0665
260.17,-50.5745
260.175,-44.9846
260.18,-39.5066
260.185,-32.7246
260.19,-25.0832
260.195,-18.4393
260.2,-13.0589
260.205,-10.4771
260.21,-13.6629
260.215,-22.5274
260.22,-34.552
260.225,-47.9709
260.23,-60.3804
260.235,-68.8636
260.24,-74.0675
260.245,-77.8668
260.25,-79.2379
260.255,-78.9984
260.26,-80.0345
260.265,-82.2325
260.27,-83.9681
260.275,-84.7377
260.28,-81.9301
260.285,-70.9909
260.29,-44.6842
260.295,7.92266
260.3,91.3753
260.305,188.155
260.31,263.81
260.315,287.812
260.32,250.662
260.325,170.604
260.33,79.5455
260.335,4.02974
260.34,-45.8296
260.345,-72.07
260.35,-80.2389
260.355,-78.006
260.36,-73.0653
260.365,-68.0351
260.37,-62.9387
260.375,-59.6274
260.38,-58.2159
260.385,-56.0993
260.39,-52.7089
260.395,-48.6376
260.4,-42.8017
260.405,-35.4817
260.41,-28.5576
260.415,-21.6712
260.42,-14.1691
260.425,-7.73229
260.43,-2.30441
260.435,4.01012
260.44,10.8787
260.445,17.6252
260.45,25.8579
260.455,36.0363
260.46,45.9551
260.465,55.8247
260.47,67.2527
260.475,79.0366
260.48,90.0518
260.485,101.245
260.49,111.948
260.495,120.699
260.5,128.88
260.505,136.827
260.51,141.952
260.515,143.623
260.52,142.558
260.525,137.039
260.53,126.233
260.535,112.151
260.54,95.285
260.545,75.0225
260.55,53.789
260.555,33.3446
260.56,12.9948
260.565,-6.17206
260.57,-21.7718
260.575,-33.9163
260.58,-43.3251
260.585,-49.3747
260.59,-53.496
260.595,-57.8333
260.6,-61.4619
260.605,-63.4237
260.61,-64.6538
260.615,-64.8629
260.62,-63.5161
260.625,-62.0895
260.63,-61.0702
260.635,-58.9464
260.64,-56.2296
260.645,-54.6596
260.65,-53.123
260.655,-51.0035
260.66,-50.3116
260.665,-50.4662
260.67,-49.7212
260.675,-49.1359
260.68,-49.2249
260.685,-48.1893
260.69,-45.7228
260.695,-42.9317
260.7,-39.1714
260.705,-34.9986
260.71,-33.037
260.715,-33.225
260.72,-33.3165
260.725,-33.3847
260.73,-33.6853
260.735,-32.9457
260.74,-32.1705
260.745,-33.404
260.75,-35.5057
260.755,-37.3223
260.76,-39.8133
260.765,-41.8521
260.77,-40.9801
260.775,-38.1865
260.78,-34.7413
260.785,-29.7669
260.79,-24.1518
260.795,-18.9804
260.8,-13.239
260.805,-7.09029
260.81,-2.0261
260.815,3.17609
260.82,9.55389
260.825,14.2933
260.83,14.9119
260.835,11.7661
260.84,3.74139
260.845,-9.18013
260.85,-23.0913
260.855,-34.866
260.86,-44.3134
260.865,-50.4778
260.87,-52.8182
260.875,-54.0732
260.88,-55.714
260.885,-56.2164
260.89,-56.3929
260.895,-58.3248
260.9,-59.5631
260.905,-55.9093
260.91,-45.9679
260.915,-22.1922
260.92,28.0308
260.925,105.838
260.93,195.127
260.935,268.344
260.94,295.905
260.945,263.387
260.95,187.698
260.955,100.158
260.96,24.8898
260.965,-26.2462
260.97,-52.2971
260.975,-61.2172
260.98,-61.4561
260.985,-57.3697
260.99,-52.6631
260.995,-49.9451
261,-47.5708
261.005,-44.0031
261.01,-40.6001
261.015,-36.9711
261.02,-31.9453
261.025,-26.7334
261.03,-21.9352
261.035,-16.1432
261.04,-10.0011
261.045,-4.92934
261.05,0.420063
261.055,6.79453
261.06,12.6092
261.065,18.444
261.07,25.8924
261.075,33.7142
261.08,41.3603
261.085,50.8776
261.09,62.3178
261.095,73.8053
261.1,85.7936
261.105,98.349
261.11,109.501
261.115,119.154
261.12,128.417
261.125,136.096
261.13,141.684
261.135,145.948
261.14,147.015
261.145,142.78
261.15,134.696
261.155,123.808
261.16,108.767
261.165,90.5031
261.17,71.2338
261.175,50.4338
261.18,28.6691
261.185,9.04865
261.19,-7.98092
261.195,-23.3606
261.2,-35.691
261.205,-44.5143
261.21,-51.7404
261.215,-57.4196
261.22,-60.5219
261.225,-62.7776
261.23,-65.2033
261.235,-66.412
261.24,-66.7209
261.245,-67.5951
261.25,-67.9661
261.255,-67.3842
261.26,-67.406
261.265,-67.4098
261.27,-66.1677
261.275,-65.2151
261.28,-65.4766
261.285,-65.2108
261.29,-64.3789
261.295,-64.3704
261.3,-64.1519
261.305,-63.0472
261.31,-62.4955
261.315,-62.1707
261.32,-60.9684
261.325,-60.4651
261.33,-61.145
261.335,-61.2042
261.34,-61.1132
261.345,-61.9245
261.35,-62.2175
261.355,-61.8228
261.36,-62.4956
261.365,-63.597
261.37,-63.7868
261.375,-64.377
261.38,-65.1362
261.385,-63.3218
261.39,-59.4604
261.395,-55.4576
261.4,-50.4908
261.405,-44.3189
261.41,-38.4957
261.415,-33.1261
261.42,-27.6703
261.425,-22.5879
261.43,-17.0684
261.435,-9.6615
261.44,-2.39107
261.445,1.009
261.45,-0.594767
261.455,-7.91235
261.46,-20.9721
261.465,-36.2451
261.47,-49.3439
261.475,-59.3339
261.48,-65.9816
261.485,-68.5508
261.49,-69.3796
261.495,-71.2797
261.5,-73.6239
261.505,-75.6685
261.51,-78.5643
261.515,-80.8445
261.52,-78.4743
261.525,-69.2878
261.53,-46.1245
261.535,4.18641
261.54,83.5395
261.545,174.305
261.55,248.067
261.555,276.109
261.56,243.359
261.565,166.021
261.57,76.8069
261.575,0.564336
261.58,-51.3324
261.585,-77.6541
261.59,-85.7259
261.595,-85.2987
261.6,-81.5201
261.605,-77.0233
261.61,-74.3765
261.615,-72.9217
261.62,-70.6116
261.625,-68.0149
261.63,-65.5424
261.635,-61.4484
261.64,-55.7278
261.645,-49.6928
261.65,-42.9165
261.655,-35.7398
261.66,-29.6533
261.665,-23.7488
261.67,-16.3837
261.675,-8.84845
261.68,-1.95909
261.685,5.81059
261.69,14.2987
261.695,22.72
261.7,32.7031
261.705,44.4003
261.71,55.6103
261.715,66.5622
261.72,79.0654
261.725,92.261
261.73,104.858
261.735,116.927
261.74,126.527
261.745,131.232
261.75,132.451
261.755,131.201
261.76,125.866
261.765,116.979
261.77,105.957
261.775,91.4788
261.78,73.1489
261.785,53.417
261.79,33.1933
261.795,12.28
261.8,-7.2595
261.805,-24.0392
261.81,-38.8463
261.815,-51.0566
261.82,-59.7053
261.825,-66.4926
261.83,-72.3454
261.835,-76.0087
261.84,-78.0594
261.845,-79.88
261.85,-80.3934
261.855,-79.6187
261.86,-79.6544
261.865,-80.1352
261.87,-79.7926
261.875,-79.7859
261.88,-80.2088
261.885,-78.8093
261.89,-75.9144
261.895,-73.6227
261.9,-71.4761
261.905,-69.398
261.91,-68.9406
261.915,-69.1784
261.92,-68.8595
261.925,-69.3008
261.93,-70.525
261.935,-70.2404
261.94,-68.9511
261.945,-68.174
261.95,-66.6776
261.955,-64.4791
261.96,-63.5017
261.965,-63.2269
261.97,-62.6297
261.975,-63.0831
261.98,-64.6303
261.985,-64.6498
261.99,-62.47
261.995,-59.0684
262,-54.1159
262.005,-48.3508
262.01,-44.3845
262.015,-41.6375
262.02,-37.8626
262.025,-34.0392
262.03,-30.4401
262.035,-24.4834
262.04,-16.7502
262.045,-10.1938
262.05,-5.50342
262.055,-4.42392
262.06,-10.7089
262.065,-23.3873
262.07,-37.7169
262.075,-51.5411
262.08,-63.0791
262.085,-70.0929
262.09,-74.1574
262.095,-77.9167
262.1,-80.628
262.105,-82.0196
262.11,-83.7335
262.115,-85.49
262.12,-86.7352
262.125,-87.5301
262.13,-84.2096
262.135,-70.2832
262.14,-37.253
262.145,23.2569
262.15,110.569
262.155,203.915
262.16,269.271
262.165,279.401
262.17,230.925
262.175,145.919
262.18,56.0916
262.185,-14.1984
262.19,-57.5229
262.195,-78.0442
262.2,-82.4707
262.205,-78.6876
262.21,-74.0234
262.215,-70.5088
262.22,-67.1269
262.225,-64.5052
262.23,-61.9871
262.235,-57.3673
262.24,-51.6299
262.245,-46.674
262.25,-41.5584
262.255,-36.1213
262.26,-32.1067
262.265,-28.3994
262.27,-22.5617
262.275,-15.6698
262.28,-8.4954
262.285,0.326378
262.29,10.131
262.295,19.4403
262.3,29.044
262.305,39.2424
262.31,48.8915
262.315,59.0534
262.32,70.9623
262.325,82.8663
262.33,94.1752
262.335,106.42
262.34,118.412
262.345,127.949
262.35,135.836
262.355,142.277
262.36,145.122
262.365,144.143
262.37,139.837
262.375,130.561
262.38,115.795
262.385,97.43
262.39,76.2261
262.395,53.0184
262.4,30.8608
262.405,10.8639
262.41,-8.24959
262.415,-25.2397
262.42,-38.3685
262.425,-48.8783
262.43,-57.4762
262.435,-63.4314
262.44,-67.9627
262.445,-72.2531
262.45,-74.6488
262.455,-74.9836
262.46,-75.4449
262.465,-75.6908
262.47,-74.3601
262.475,-72.9273
262.48,-72.799
262.485,-72.1731
262.49,-70.4043
262.495,-68.6951
262.5,-66.6836
262.505,-64.3072
262.51,-63.3089
262.515,-63.1765
262.52,-61.9096
262.525,-60.6428
262.53,-60.5037
262.535,-59.8183
262.54,-58.4856
262.545,-57.9634
262.55,-57.3767
262.555,-55.8822
262.56,-55.083
262.565,-55.1894
262.57,-55.1022
262.575,-56.0585
262.58,-58.3808
262.585,-59.2859
262.59,-57.7965
262.595,-55.6274
262.6,-52.1925
262.605,-46.9886
262.61,-42.2825
262.615,-37.8158
262.62,-32.1599
262.625,-27.477
262.63,-24.6592
262.635,-20.2849
262.64,-13.1834
262.645,-6.27173
262.65,-1.35079
262.655,-1.02144
262.66,-9.22984
262.665,-24.0933
262.67,-39.6526
262.675,-53.1276
262.68,-63.6324
262.685,-69.5854
262.69,-71.8735
262.695,-73.1753
262.7,-73.6161
262.705,-73.2046
262.71,-73.8654
262.715,-75.6798
262.72,-76.7395
262.725,-75.5559
262.73,-69.1317
262.735,-48.9066
262.74,-3.29142
262.745,72.2181
262.75,166.352
262.755,250.223
262.76,290.451
262.765,269.157
262.77,199.22
262.775,109.889
262.78,28.5562
262.785,-28.1
262.79,-58.7307
262.795,-71.2128
262.8,-72.5416
262.805,-68.5201
262.81,-64.5365
262.815,-61.7484
262.82,-58.2355
262.825,-54.2502
262.83,-50.3508
262.835,-45.5787
262.84,-40.5473
262.845,-36.5452
262.85,-31.979
262.855,-25.4199
262.86,-18.2659
262.865,-10.9932
262.87,-2.71969
262.875,5.11912
262.88,11.6003
262.885,18.6063
262.89,26.308
262.895,33.9059
262.9,43.2277
262.905,54.8934
262.91,66.8514
262.915,78.9218
262.92,92.4994
262.925,105.944
262.93,117.6
262.935,128.888
262.94,139.56
262.945,147.386
262.95,152.579
262.955,155.543
262.96,154.526
262.965,149.52
262.97,141.453
262.975,128.585
262.98,110.75
262.985,90.91
262.99,70.2642
262.995,48.9448
263,29.4661
263.005,13.4371
263.01,-0.822899
263.015,-13.8813
263.02,-24.4509
263.025,-33.2861
263.03,-41.1255
263.035,-46.6302
263.04,-50.061
263.045,-52.3666
263.05,-52.5864
263.055,-51.2881
263.06,-51.1006
263.065,-51.7775
263.07,-51.2663
263.075,-49.9055
263.08,-48.2781
263.085,-45.4194
263.09,-42.182
263.095,-40.1492
263.1,-38.0701
263.105,-35.2875
263.11,-33.8851
263.115,-33.7977
263.12,-32.9492
263.125,-31.9694
263.13,-31.9305
263.135,-31.4726
263.14,-30.6019
263.145,-30.2532
263.15,-29.249
263.155,-27.3781
263.16,-26.4345
263.165,-25.9884
263.17,-23.8742
263.175,-21.0619
263.18,-18.5974
263.185,-14.8598
263.19,-10.4937
263.195,-7.11544
263.2,-3.42128
263.205,0.469854
263.21,2.90735
263.215,5.80738
263.22,11.7275
263.225,18.1679
263.23,22.1111
263.235,22.7614
263.24,17.6872
263.245,5.9045
263.25,-8.12176
263.255,-20.1695
263.26,-29.9587
263.265,-36.9209
263.27,-40.139
263.275,-41.8325
263.28,-43.894
263.285,-45.3997
263.29,-46.634
263.295,-48.9521
263.3,-51.0655
263.305,-50.2079
263.31,-44.5424
263.315,-29.7613
263.32,4.33083
263.325,65.2479
263.33,147.492
263.335,229.348
263.34,280.219
263.345,275.745
263.35,219.869
263.355,139.75
263.36,62.8594
263.365,6.71753
263.37,-23.884
263.375,-35.6015
263.38,-37.1396
263.385,-33.3897
263.39,-28.5888
263.395,-26.0139
263.4,-24.8186
263.405,-23.7077
263.41,-23.5079
263.415,-22.846
263.42,-19.1385
263.425,-13.4446
263.43,-7.34414
263.435,0.0418699
263.44,7.96215
263.445,14.9302
263.45,22.4015
263.455,31.157
263.46,39.1842
263.465,46.4373
263.47,54.72
263.475,63.3044
263.48,71.5261
263.485,81.2229
263.49,92.5519
263.495,104.203
263.5,116.96
263.505,130.953
263.51,143.819
263.515,155.045
263.52,165.517
263.525,173.946
263.53,179.604
263.535,183.596
263.54,184.649
263.545,180.84
263.55,173.526
263.555,163.55
263.56,149.297
263.565,131.376
263.57,112.023
263.575,91.0436
263.58,68.8801
263.585,48.4108
263.59,30.7055
263.595,15.5051
263.6,4.69237
263.605,-1.74919
263.61,-7.10851
263.615,-12.348
263.62,-15.9009
263.625,-18.5471
263.63,-21.3969
263.635,-23.4335
263.64,-24.367
263.645,-25.1805
263.65,-24.7553
263.655,-22.3506
263.66,-20.1312
263.665,-18.304
263.67,-15.5024
263.675,-12.6836
263.68,-10.7995
263.685,-8.83371
263.69,-6.76982
263.695,-5.31471
263.7,-3.05807
263.705,0.394629
263.71,3.00425
263.715,4.5486
263.72,6.10856
263.725,6.1582
263.73,4.25169
263.735,3.48083
263.74,4.86651
263.745,6.89841
263.75,9.89541
263.755,13.8536
263.76,16.5079
263.765,17.8406
263.77,19.3525
263.775,20.9249
263.78,23.3652
263.785,29.5588
263.79,38.6498
263.795,46.2923
263.8,50.1285
263.805,48.0957
263.81,38.5522
263.815,24.9667
263.82,12.4078
263.825,1.84105
263.83,-6.7436
263.835,-11.9467
263.84,-15.1587
263.845,-18.5637
263.85,-21.3764
263.855,-23.3208
263.86,-25.6208
263.865,-27.6517
263.87,-28.426
263.875,-27.8615
263.88,-23.6824
263.885,-7.77075
263.89,31.0436
263.895,97.4879
263.9,181.808
263.905,258.007
263.91,295.534
263.915,277.531
263.92,215.151
263.925,134.815
263.93,61.5426
263.935,10.7633
263.94,-16.6734
263.945,-28.6029
263.95,-31.4597
263.955,-29.7482
263.96,-27.6238
263.965,-25.4753
263.97,-21.8043
263.975,-18.2
263.98,-15.7519
263.985,-12.9461
263.99,-10.0915
263.995,-7.95121
264,-4.3239
264.005,1.89348
264.01,8.56011
264.015,14.9404
264.02,21.743
264.025,27.541
264.03,32.0749
264.035,37.8185
264.04,44.7184
264.045,51.3399
264.05,59.1904
264.055,69.2303
264.06,79.9338
264.065,91.2593
264.07,103.786
264.075,115.591
264.08,125.596
264.085,135.092
264.09,143.516
264.095,149.351
264.1,154.084
264.105,158.356
264.11,159.623
264.115,156.676
264.12,149.767
264.125,137.819
264.13,121.406
264.135,103.416
264.14,84.2934
264.145,63.7621
264.15,44.1072
264.155,26.6823
264.16,10.6947
264.165,-2.91572
264.17,-12.8429
264.175,-20.6964
264.18,-27.4189
264.185,-31.9674
264.19,-35.3455
264.195,-38.9252
264.2,-41.3853
264.205,-42.0215
264.21,-42.8553
264.215,-44.0473
264.22,-43.9149
264.225,-43.1495
264.23,-42.1371
264.235,-39.702
264.24,-36.5307
264.245,-34.3086
264.25,-32.1455
264.255,-29.337
264.26,-27.8223
264.265,-27.294
264.27,-25.9891
264.275,-24.9006
264.28,-24.8847
264.285,-24.4219
264.29,-23.4159
264.295,-22.4919
264.3,-20.0991
264.305,-15.8237
264.31,-11.7834
264.315,-7.68733
264.32,-2.24457
264.325,2.45202
264.33,5.27498
264.335,7.46595
264.34,9.08529
264.345,10.3665
264.35,14.3674
264.355,21.636
264.36,28.2807
264.365,31.6237
264.37,30.4586
264.375,22.778
264.38,9.54526
264.385,-4.79368
264.39,-17.5233
264.395,-27.7536
264.4,-33.6815
264.405,-35.6906
264.41,-36.8407
264.415,-37.8757
264.42,-37.7594
264.425,-38.048
264.43,-39.9774
264.435,-41.3668
264.44,-39.7774
264.445,-33.033
264.45,-12.7343
264.455,33.0214
264.46,107.052
264.465,196.197
264.47,273.071
264.475,306.919
264.48,281.566
264.485,211.023
264.49,124.069
264.495,45.7118
264.5,-8.90636
264.505,-37.807
264.51,-49.0603
264.515,-50.624
264.52,-47.1403
264.525,-42.9947
264.53,-40.819
264.535,-39.0571
264.54,-36.6728
264.545,-34.2594
264.55,-30.2256
264.555,-23.4778
264.56,-16.5673
264.565,-10.8852
264.57,-5.24368
264.575,-0.169605
264.58,3.84991
264.585,8.94819
264.59,15.5073
264.595,21.949
264.6,28.9978
264.605,37.6701
264.61,46.315
264.615,54.7423
264.62,64.7635
264.625,75.5564
264.63,86.0119
264.635,97.8544
264.64,111.71
264.645,126.104
264.65,140.766
264.655,154.582
264.66,164.029
264.665,168.397
264.67,170.147
264.675,169.215
264.68,164.243
264.685,155.624
264.69,142.878
264.695,124.649
264.7,102.971
264.705,80.6851
264.71,57.8412
264.715,35.4555
264.72,16.2505
264.725,0.390652
264.73,-12.8703
264.735,-22.7955
264.74,-30.6737
264.745,-38.9081
264.75,-46.0734
264.755,-50.1835
264.76,-52.4496
264.765,-53.1949
264.77,-51.7792
264.775,-50.1366
264.78,-49.7676
264.785,-49.5566
264.79,-49.332
264.795,-49.8767
264.8,-49.824
264.805,-48.3037
264.81,-47.2262
264.815,-46.8199
264.82,-45.6358
264.825,-44.2652
264.83,-43.5254
264.835,-42.1816
264.84,-40.6957
264.845,-40.8805
264.85,-40.9287
264.855,-39.0052
264.86,-36.9242
264.865,-34.8171
264.87,-30.981
264.875,-27.0505
264.88,-24.4447
264.885,-21.401
264.89,-17.0825
264.895,-12.9484
264.9,-8.85411
264.905,-4.04318
264.91,0.582241
264.915,6.02178
264.92,13.0976
264.925,18.2729
264.93,18.3269
264.935,13.1549
264.94,3.05693
264.945,-10.7965
264.95,-24.3051
264.955,-34.4219
264.96,-41.5873
264.965,-45.6942
264.97,-46.322
264.975,-46.2209
264.98,-47.6497
264.985,-48.7006
264.99,-48.8895
264.995,-50.4508
265,-52.0248
265.005,-49.7278
265.01,-40.2513
265.015,-13.6816
265.02,43.3885
265.025,130.222
265.03,225.491
265.035,298.424
265.04,319.979
265.045,279.724
265.05,199.101
265.055,111.17
265.06,38.8567
265.065,-8.24258
265.07,-31.1438
265.075,-38.3403
265.08,-38.3408
265.085,-34.8659
265.09,-30.5042
265.095,-27.7489
265.1,-25.612
265.105,-22.4928
265.11,-19.1814
265.115,-15.4157
265.12,-9.82175
265.125,-3.57439
265.13,2.25867
265.135,8.92016
265.14,15.866
265.145,21.0587
265.15,25.1641
265.155,29.6898
265.16,34.3894
265.165,40.166
265.17,48.5717
265.175,58.14
265.18,67.2002
265.185,76.9072
265.19,87.3822
265.195,97.2451
265.2,107.838
265.205,119.895
265.21,131.077
265.215,140.753
265.22,149.635
265.225,156.342
265.23,159.892
265.235,161.354
265.24,159.854
265.245,152.992
265.25,141.754
265.255,128.229
265.26,112.061
265.265,93.8627
265.27,75.5138
265.275,56.7004
265.28,37.4804
265.285,20.5151
265.29,6.58817
265.295,-5.78472
265.3,-16.0753
265.305,-23.4364
265.31,-29.5403
265.315,-34.4758
265.32,-36.7035
265.325,-37.7571
265.33,-39.4206
265.335,-40.025
265.34,-39.2036
265.345,-38.5566
265.35,-37.1935
265.355,-34.316
265.36,-32.3665
265.365,-32.2004
265.37,-31.8791
265.375,-31.3741
265.38,-31.0988
265.385,-29.3956
265.39,-26.7045
265.395,-25.708
265.4,-25.834
265.405,-25.457
265.41,-25.3836
265.415,-25.3532
265.42,-23.6984
265.425,-21.5422
265.43,-20.1487
265.435,-17.6487
265.44,-13.6087
265.445,-10.1926
265.45,-7.25893
265.455,-4.35565
265.46,-2.69336
265.465,-1.2629
265.47,1.61427
265.475,4.71221
265.48,7.57665
265.485,12.4338
265.49,18.8684
265.495,23.1818
265.5,23.7446
265.505,19.7397
265.51,9.2951
265.515,-5.29425
265.52,-19.0574
265.525,-29.9722
265.53,-38.0011
265.535,-42.2496
265.54,-43.8908
265.545,-45.7813
265.55,-47.8363
265.555,-49.5549
265.56,-52.3693
265.565,-55.9189
265.57,-57.5995
265.575,-55.9026
265.58,-48.3986
265.585,-25.4638
265.59,23.9297
265.595,100.462
265.6,189.749
265.605,263.512
265.61,291.28
265.615,259.649
265.62,184.99
265.625,96.6012
265.63,19.2595
265.635,-33.0975
265.64,-60.2228
265.645,-70.3233
265.65,-70.3805
265.655,-65.745
265.66,-61.2768
265.665,-57.6327
265.67,-53.2984
265.675,-49.5371
265.68,-47.0414
265.685,-43.7413
265.69,-39.1848
265.695,-34.762
265.7,-29.4869
265.705,-22.347
265.71,-15.2105
265.715,-8.9225
265.72,-2.53801
265.725,3.30917
265.73,8.28543
265.735,14.2329
265.74,21.4935
265.745,29.0831
265.75,38.3237
265.755,49.8397
265.76,61.5688
265.765,73.3658
265.77,86.234
265.775,98.5062
265.78,109.047
265.785,119.299
265.79,129.036
265.795,136.22
265.8,141.433
265.805,144.95
265.81,144.099
265.815,137.938
265.82,127.787
265.825,113.709
265.83,95.9423
265.835,76.1779
265.84,54.9123
265.845,32.2826
265.85,10.8837
265.855,-7.51421
265.86,-23.8992
265.865,-37.8638
265.87,-48.143
265.875,-56.2158
265.88,-62.8804
265.885,-66.961
265.89,-69.1372
265.895,-71.487
265.9,-73.6071
265.905,-74.7093
265.91,-75.8235
265.915,-76.4927
265.92,-75.3838
265.925,-73.9434
265.93,-73.5414
265.935,-72.8416
265.94,-71.7845
265.945,-71.6702
265.95,-71.3528
265.955,-69.935
265.96,-68.899
265.965,-68.3743
265.97,-67.1039
265.975,-66.0417
265.98,-65.8572
265.985,-64.5932
265.99,-62.4797
265.995,-61.5752
266,-61.0028
266.005,-59.9441
266.01,-60.1382
266.015,-61.427
266.02,-61.3066
266.025,-59.7003
266.03,-57.4144
266.035,-53.4539
266.04,-49.04
266.045,-45.9394
266.05,-42.5582
266.055,-38.179
266.06,-34.5461
266.065,-30.775
266.07,-24.7966
266.075,-18.5886
266.08,-14.9172
266.085,-14.0711
266.09,-17.635
266.095,-27.2506
266.1,-39.7787
266.105,-51.32
266.11,-61.0507
266.115,-67.7324
266.12,-70.199
266.125,-70.9096
266.13,-71.9603
266.135,-72.3742
266.14,-72.8568
266.145,-75.6891
266.15,-80.0704
266.155,-83.3873
266.16,-83.1931
266.165,-73.9689
266.17,-44.0761
266.175,15.7331
266.18,102.736
266.185,197.675
266.19,268.56
266.195,285.311
266.2,240.816
266.205,156.887
266.21,64.3991
266.215,-12.1144
266.22,-61.6908
266.225,-87.3501
266.23,-96.914
266.235,-95.9885
266.24,-90.734
266.245,-86.8074
266.25,-84.8172
266.255,-83.4921
266.26,-83.0862
266.265,-82.5019
266.27,-79.6413
266.275,-75.3208
266.28,-70.6281
266.285,-64.3659
266.29,-56.948
266.295,-50.2389
266.3,-43.5859
266.305,-36.1527
266.31,-29.214
266.315,-22.357
266.32,-13.8124
266.325,-4.55012
266.33,4.66997
266.335,15.4403
266.34,27.6428
266.345,39.9739
266.35,53.5513
266.355,68.8301
266.36,83.1254
266.365,95.2456
266.37,106.202
266.375,115.052
266.38,121.266
266.385,126.139
266.39,128.686
266.395,126.859
266.4,121.685
266.405,113.773
266.41,101.075
266.415,83.923
266.42,64.844
266.425,43.8209
266.43,21.0497
266.435,-0.449272
266.44,-19.4071
266.445,-36.5661
266.45,-50.8048
266.455,-61.5991
266.46,-70.788
266.465,-78.1383
266.47,-82.2192
266.475,-84.7221
266.48,-87.43
266.485,-89.3429
266.49,-90.351
266.495,-91.3896
266.5,-91.1717
266.505,-89.1138
266.51,-87.3082
266.515,-86.1576
266.52,-84.4172
266.525,-83.0359
266.53,-82.6698
266.535,-81.8318
266.54,-80.8905
266.545,-81.3483
266.55,-81.8424
266.555,-81.3567
266.56,-81.2102
266.565,-81.1176
266.57,-79.6673
266.575,-77.9791
266.58,-76.9919
266.585,-75.6254
266.59,-74.3753
266.595,-74.7275
266.6,-75.7246
266.605,-76.4037
266.61,-77.8328
266.615,-79.3209
266.62,-78.1849
266.625,-74.5498
266.63,-70.4416
266.635,-65.5728
266.64,-60.4253
266.645,-56.9033
266.65,-53.3983
266.655,-48.1854
266.66,-42.8262
266.665,-37.3688
266.67,-29.7979
266.675,-21.4959
266.68,-15.7193
266.685,-13.3698
266.69,-15.9114
266.695,-25.5718
266.7,-39.4629
266.705,-52.7712
266.71,-64.3597
266.715,-73.3651
266.72,-78.0346
266.725,-80.1002
266.73,-82.0021
266.735,-83.2193
266.74,-83.8647
266.745,-85.8413
266.75,-88.7645
266.755,-90.7075
266.76,-90.0646
266.765,-83.3531
266.77,-62.061
266.775,-15.0377
266.78,62.1079
266.785,157.353
266.79,240.008
266.795,276.646
266.8,251.48
266.805,178.629
266.81,87.6811
266.815,6.19215
266.82,-49.9359
266.825,-80.4273
266.83,-93.1022
266.835,-94.5324
266.84,-90.7028
266.845,-86.8404
266.85,-83.4356
266.855,-79.5114
266.86,-76.2294
266.865,-73.3883
266.87,-69.0485
266.875,-63.5023
266.88,-57.9936
266.885,-51.3174
266.89,-43.9441
266.895,-38.0949
266.9,-32.8173
266.905,-26.5188
266.91,-20.6852
266.915,-15.6109
266.92,-9.49194
266.925,-2.53824
266.93,4.8018
266.935,14.5495
266.94,26.6556
266.945,38.6907
266.95,50.7423
266.955,63.7805
266.96,76.5906
266.965,88.6836
266.97,100.878
266.975,111.871
266.98,120.084
266.985,126.51
266.99,131.156
266.995,131.7
267,127.805
267.005,120.245
267.01,107.68
267.015,90.3046
267.02,70.7936
267.025,49.7537
267.03,27.0454
267.035,5.08629
267.04,-14.7249
267.045,-33.13
267.05,-48.6352
267.055,-59.633
267.06,-67.884
267.065,-74.6821
267.07,-79.1647
267.075,-82.3895
267.08,-85.8644
267.085,-88.1826
267.09,-88.9967
267.095,-90.216
267.1,-91.4531
267.105,-91.2992
267.11,-90.7455
267.115,-89.903
267.12,-87.4556
267.125,-84.9129
267.13,-83.9646
267.135,-83.2505
267.14,-82.6166
267.145,-83.3539
267.15,-83.9802
267.155,-82.806
267.16,-81.4199
267.165,-80.543
267.17,-78.7093
267.175,-76.4633
267.18,-74.8656
267.185,-72.8561
267.19,-70.6295
267.195,-70.0978
267.2,-70.801
267.205,-71.2108
267.21,-72.3447
267.215,-74.2195
267.22,-74.608
267.225,-73.604
267.23,-72.2184
267.235,-68.8763
267.24,-64.3698
267.245,-61.2779
267.25,-58.4462
267.255,-54.3002
267.26,-50.2075
267.265,-46.8626
267.27,-43.1044
267.275,-38.8689
267.28,-34.033
267.285,-26.89
267.29,-18.4413
267.295,-12.904
267.3,-12.7372
267.305,-18.851
267.31,-31.4449
267.315,-46.9742
267.32,-60.0225
267.325,-69.4322
267.33,-76.313
267.335,-79.9164
267.34,-80.7606
267.345,-81.3312
267.35,-82.0237
267.355,-82.5433
267.36,-84.6078
267.365,-87.5675
267.37,-86.5861
267.375,-78.9415
267.38,-60.508
267.385,-19.2268
267.39,52.5956
267.395,143.078
267.4,224.276
267.405,265.176
267.41,245.452
267.415,175.49
267.42,87.4517
267.425,8.78087
267.43,-46.9239
267.435,-76.9405
267.44,-87.5768
267.445,-88.4207
267.45,-84.6792
267.455,-78.9878
267.46,-74.7326
267.465,-72.4216
267.47,-69.7544
267.475,-66.5115
267.48,-63.3211
267.485,-58.8684
267.49,-53.0504
267.495,-47.3788
267.5,-41.3182
267.505,-34.2756
267.51,-28.0317
267.515,-22.5623
267.52,-15.9043
267.525,-8.605
267.53,-1.74393
267.535,6.18718
267.54,15.5944
267.545,24.8995
267.55,34.7552
267.555,46.2007
267.56,57.7525
267.565,69.076
267.57,81.3082
267.575,93.5209
267.58,104.515
267.585,115.615
267.59,126.46
267.595,134.108
267.6,138.171
267.605,139.167
267.61,135.461
267.615,127.245
267.62,116.269
267.625,101.759
267.63,82.9551
267.635,62.2317
267.64,41.0807
267.645,19.0588
267.65,-1.81848
267.655,-19.3987
267.66,-34.4828
267.665,-46.9609
267.67,-55.4906
267.675,-61.5682
267.68,-67.0034
267.685,-70.5739
267.69,-72.8182
267.695,-75.6963
267.7,-78.1522
267.705,-78.8964
267.71,-79.4665
267.715,-80.0513
267.72,-79.2877
267.725,-77.9668
267.73,-77.1534
267.735,-75.3837
267.74,-72.3889
267.745,-70.1139
267.75,-68.002
267.755,-65.3211
267.76,-63.5367
267.765,-62.3603
267.77,-60.4731
267.775,-59.1487
267.78,-59.4734
267.785,-60.118
267.79,-61.1848
267.795,-63.6575
267.8,-65.5952
267.805,-65.2652
267.81,-64.662
267.815,-65.0954
267.82,-65.5016
267.825,-66.2955
267.83,-68.5584
267.835,-71.1345
267.84,-73.2435
267.845,-75.3509
267.85,-75.2482
267.855,-71.692
267.86,-67.4278
267.865,-64.2327
267.87,-60.8202
267.875,-57.1213
267.88,-53.9066
267.885,-49.847
267.89,-44.2957
267.895,-38.0043
267.9,-30.1189
267.905,-21.6078
267.91,-16.3055
267.915,-16.5607
267.92,-22.2017
267.925,-32.929
267.93,-46.7133
267.935,-58.886
267.94,-67.5586
267.945,-74.185
267.95,-77.6933
267.955,-77.704
267.96,-77.3263
267.965,-78.0173
267.97,-78.585
267.975,-80.0342
267.98,-82.4955
267.985,-81.1317
267.99,-72.4859
267.995,-52.3067
268,-8.43469
268.005,66.9227
268.01,160.325
268.015,241.77
268.02,280.618
268.025,258.656
268.03,187.482
268.035,99.2752
268.04,21.0436
268.045,-35.3352
268.05,-67.8066
268.055,-81.2355
268.06,-84.5473
268.065,-83.3598
268.07,-79.0229
268.075,-73.6925
268.08,-69.4171
268.085,-65.1793
268.09,-60.5888
268.095,-57.3307
268.1,-54.4413
268.105,-49.9303
268.11,-44.442
268.115,-38.9338
268.12,-33.498
268.125,-29.3463
268.13,-26.4052
268.135,-22.0309
268.14,-14.9438
268.145,-6.38253
268.15,3.6607
268.155,14.7541
268.16,24.5433
268.165,33.2134
268.17,43.7945
268.175,55.6307
268.18,66.9621
268.185,78.7627
268.19,90.9069
268.195,101.861
268.2,112.236
268.205,122.419
268.21,130.12
268.215,134.696
268.22,136.359
268.225,133.121
268.23,125.117
268.235,115.539
268.24,105.277
268.245,92.6751
268.25,78.178
268.255,62.0859
268.26,42.6586
268.265,21.1599
268.27,1.70425
268.275,-14.3718
268.28,-27.973
268.285,-39.1483
268.29,-48.8755
268.295,-58.3479
268.3,-65.8641
268.305,-70.4377
268.31,-73.8451
268.315,-76.2104
268.32,-76.2545
268.325,-75.4093
268.33,-75.0824
268.335,-73.7016
268.34,-69.2921
268.345,-61.8038
268.35,-51.7711
268.355,-42.1591
268.36,-38.2197
268.365,-39.9242
268.37,-43.3473
268.375,-46.9829
268.38,-49.9337
268.385,-50.0496
268.39,-47.9907
268.395,-46.1814
268.4,-43.7348
268.405,-39.9396
268.41,-37.0522
268.415,-34.7798
268.42,-31.6821
268.425,-29.9339
268.43,-31.4579
268.435,-33.5984
268.44,-34.6612
268.445,-35.6
268.45,-36.1754
268.455,-36.1144
268.46,-37.3335
268.465,-39.6229
268.47,-40.3066
268.475,-39.4967
268.48,-38.6717
268.485,-36.9199
268.49,-33.9794
268.495,-31.7981
268.5,-29.9724
268.505,-26.7958
268.51,-22.6563
268.515,-17.0329
268.52,-9.75108
268.525,-4.72562
268.53,-5.67135
268.535,-11.8651
268.54,-21.7083
268.545,-34.1895
268.55,-45.6345
268.555,-53.3266
268.56,-58.8569
268.565,-63.3501
268.57,-66.2148
268.575,-68.6091
268.58,-71.9708
268.585,-75.2704
268.59,-78.6708
268.595,-83.4034
268.6,-85.8045
268.605,-81.2357
268.61,-64.9802
268.615,-25.5669
268.62,44.1498
268.625,132.324
268.63,210.436
268.635,249.558
268.64,231.76
268.645,164.642
268.65,77.2622
268.655,-1.92658
268.66,-59.2613
268.665,-92.6803
268.67,-105.561
268.675,-105.633
268.68,-100.387
268.685,-92.7652
268.69,-84.4991
268.695,-78.5046
268.7,-74.6277
268.705,-70.4258
268.71,-65.5893
268.715,-60.4928
268.72,-54.2481
268.725,-47.4756
268.73,-41.2113
268.735,-33.6751
268.74,-25.0326
268.745,-18.1419
268.75,-12.8596
268.755,-6.94994
268.76,-0.532568
268.765,6.0903
268.77,14.529
268.775,24.3863
268.78,33.6263
268.785,42.7316
268.79,52.1809
268.795,60.4512
268.8,68.4445
268.805,78.7521
268.81,89.9664
268.815,100.244
268.82,110.488
268.825,119.212
268.83,123.839
268.835,125.158
268.84,123.924
268.845,118.239
268.85,107.702
268.855,93.7113
268.86,75.9072
268.865,55.1001
268.87,34.3118
268.875,13.89
268.88,-7.19141
268.885,-26.8674
268.89,-43.0971
268.895,-56.5213
268.9,-66.6471
268.905,-72.8016
268.91,-77.0094
268.915,-80.3003
268.92,-81.9222
268.925,-83.1512
268.93,-85.0517
268.935,-86.6514
268.94,-87.4087
268.945,-88.8243
268.95,-90.6686
268.955,-91.7044
268.96,-93.268
268.965,-95.4761
268.97,-95.7225
268.975,-94.5451
268.98,-93.4216
268.985,-91.3116
268.99,-88.7172
268.995,-87.5063
269,-87.6037
269.005,-87.0354
269.01,-86.273
269.015,-86.3354
269.02,-85.8204
269.025,-85.2794
269.03,-85.9848
269.035,-86.5562
269.04,-86.1035
269.045,-86.2274
269.05,-87.0763
269.055,-87.2608
269.06,-86.9452
269.065,-86.8104
269.07,-86.5647
269.075,-86.6774
269.08,-87.1315
269.085,-85.2261
269.09,-80.4881
269.095,-76.0771
269.1,-72.0738
269.105,-66.6805
269.11,-60.5463
269.115,-54.5859
269.12,-48.2089
269.125,-41.9414
269.13,-36.7633
269.135,-31.9183
269.14,-27.6263
269.145,-25.9142
269.15,-27.1503
269.155,-31.2372
269.16,-40.1394
269.165,-53.4614
269.17,-66.6579
269.175,-77.1559
269.18,-84.9666
269.185,-89.008
269.19,-89.308
269.195,-88.7719
269.2,-88.6205
269.205,-88.4515
269.21,-89.6583
269.215,-92.2052
269.22,-91.6536
269.225,-84.2296
269.23,-63.4036
269.235,-17.2673
269.24,57.6789
269.245,146.966
269.25,223.144
269.255,257.102
269.26,231.288
269.265,157.956
269.27,69.2022
269.275,-7.69417
269.28,-60.4737
269.285,-88.162
269.29,-97.0581
269.295,-96.6151
269.3,-92.629
269.305,-87.2047
269.31,-83.0038
269.315,-80.7856
269.32,-77.843
269.325,-73.6503
269.33,-70.03
269.335,-66.3889
269.34,-61.9331
269.345,-57.8556
269.35,-53.4124
269.355,-47.2272
269.36,-40.6373
269.365,-34.9106
269.37,-29.355
269.375,-24.4706
269.38,-20.4862
269.385,-14.6044
269.39,-5.13317
269.395,5.64229
269.4,16.7822
269.405,29.1415
269.41,41.2087
269.415,52.2159
269.42,63.5373
269.425,75.0847
269.43,85.892
269.435,96.4303
269.44,106.359
269.445,113.75
269.45,117.872
269.455,118.836
269.46,115.79
269.465,108.094
269.47,96.8935
269.475,82.0451
269.48,62.7548
269.485,41.2109
269.49,20.1963
269.495,-0.0706746
269.5,-19.3988
269.505,-36.3272
269.51,-50.9787
269.515,-63.1087
269.52,-71.7489
269.525,-78.0543
269.53,-83.8518
269.535,-88.3479
269.54,-90.7681
269.545,-91.5045
269.55,-90.3987
269.555,-88.7651
269.56,-88.5661
269.565,-89.6365
269.57,-90.1295
269.575,-90.2298
269.58,-90.605
269.585,-90.8534
269.59,-90.268
269.595,-89.4013
269.6,-88.0549
269.605,-86.1355
269.61,-85.3398
269.615,-86.0782
269.62,-86.4047
269.625,-86.1117
269.63,-85.6072
269.635,-83.0404
269.64,-78.8612
269.645,-76.6684
269.65,-76.9392
269.655,-77.3438
269.66,-77.7411
269.665,-78.7327
269.67,-79.1109
269.675,-79.627
269.68,-81.4389
269.685,-83.3158
269.69,-84.3356
269.695,-85.0764
269.7,-84.2865
269.705,-81.0302
269.71,-77.1845
269.715,-74.0062
269.72,-70.7352
269.725,-67.8526
269.73,-65.2486
269.735,-60.4873
269.74,-53.9542
269.745,-48.0728
269.75,-42.2963
269.755,-35.3358
269.76,-28.7428
269.765,-23.8758
269.77,-21.5265
269.775,-24.6489
269.78,-34.4009
269.785,-46.8423
269.79,-58.5587
269.795,-69.3091
269.8,-77.9605
269.805,-82.9878
269.81,-85.6136
269.815,-87.6549
269.82,-88.9092
269.825,-89.871
269.83,-92.3019
269.835,-95.1014
269.84,-95.3878
269.845,-90.583
269.85,-74.6835
269.855,-35.9382
269.86,32.0206
269.865,120.553
269.87,204.666
269.875,252.572
269.88,241.959
269.885,180.091
269.89,95.2282
269.895,14.5306
269.9,-44.8263
269.905,-78.0366
269.91,-91.3632
269.915,-93.6742
269.92,-90.193
269.925,-84.9807
269.93,-81.2651
269.935,-78.9451
269.94,-77.1178
269.945,-75.6075
269.95,-73.1879
269.955,-68.6355
269.96,-63.1615
269.965,-58.1906
269.97,-53.2419
269.975,-48.2922
269.98,-43.5103
269.985,-37.9069
269.99,-31.5275
269.995,-25.6182
270,-19.0369
270.005,-10.1203
270.01,-0.0483623
270.015,10.1253
270.02,21.41
270.025,33.319
270.03,45.0881
270.035,58.1274
270.04,72.9451
270.045,87.5948
270.05,100.778
270.055,112.44
270.06,121.352
270.065,127.554
270.07,132.809
270.075,135.88
270.08,134.505
270.085,129.162
270.09,120.031
270.095,106.037
270.1,87.9357
270.105,67.3993
270.11,44.9214
270.115,21.9289
270.12,1.01343
270.125,-17.6328
270.13,-34.8421
270.135,-49.5307
270.14,-60.566
270.145,-69.0823
270.15,-75.2168
270.155,-78.5955
270.16,-80.8634
270.165,-82.7855
270.17,-83.05
270.175,-81.6478
270.18,-80.0829
270.185,-78.0049
270.19,-75.4498
270.195,-74.1827
270.2,-73.7814
270.205,-72.8829
270.21,-72.3521
270.215,-72.4691
270.22,-71.5692
270.225,-70.147
270.23,-70.0149
270.235,-70.7066
270.24,-71.2129
270.245,-71.5101
270.25,-71.0257
270.255,-69.4535
270.26,-68.064
270.265,-67.0118
270.27,-65.0236
270.275,-63.2179
270.28,-63.5114
270.285,-64.7699
270.29,-65.4996
270.295,-66.1363
270.3,-65.7338
270.305,-63.8078
270.31,-63.0293
270.315,-64.4358
270.32,-65.6197
270.325,-66.3168
270.33,-67.0821
270.335,-65.3417
270.34,-60.7505
270.345,-55.7798
270.35,-50.6596
270.355,-43.9338
270.36,-37.0499
270.365,-31.4183
270.37,-25.5355
270.375,-18.7163
270.38,-11.8961
270.385,-5.46446
270.39,-1.0477
270.395,-1.52689
270.4,-7.35138
270.405,-16.8319
270.41,-28.6162
270.415,-41.2327
270.42,-52.0593
270.425,-59.9675
270.43,-65.6385
270.435,-69.1925
270.44,-70.8502
270.445,-72.0284
270.45,-73.0577
270.455,-73.7198
270.46,-73.833
270.465,-71.1053
270.47,-61.3474
270.475,-38.7728
270.48,6.39386
270.485,79.9838
270.49,167.995
270.495,239.324
270.5,265.483
270.505,234.922
270.51,162.079
270.515,76.9474
270.52,5.37658
270.525,-42.311
270.53,-67.7749
270.535,-76.2597
270.54,-74.9918
270.545,-70.7937
270.55,-65.9601
270.555,-61.088
270.56,-58.0882
270.565,-56.7958
270.57,-54.6856
270.575,-50.4293
270.58,-44.2816
270.585,-36.0821
270.59,-26.5122
270.595,-17.9737
270.6,-10.5755
270.605,-4.0367
270.61,1.00111
270.615,5.88875
270.62,12.6791
270.625,20.7327
270.63,28.5617
270.635,36.5482
270.64,44.5442
270.645,51.2811
270.65,58.3527
270.655,68.1771
270.66,79.184
270.665,90.1778
270.67,102.244
270.675,114.551
270.68,125.56
270.685,135.797
270.69,144.664
270.695,150.545
270.7,153.394
270.705,153.396
270.71,148.475
270.715,138.498
270.72,125.752
270.725,110.178
270.73,90.6098
270.735,68.6148
270.74,46.6842
270.745,26.0504
270.75,7.8458
270.755,-7.22249
270.76,-20.9465
270.765,-34.6558
270.77,-46.4602
270.775,-55.4911
270.78,-62.6594
270.785,-66.8552
270.79,-67.8563
270.795,-68.0744
270.8,-68.4262
270.805,-67.8786
270.81,-66.7408
270.815,-65.5773
270.82,-63.5265
270.825,-60.9258
270.83,-58.8505
270.835,-56.1135
270.84,-52.035
270.845,-48.3239
270.85,-45.6454
270.855,-43.7344
270.86,-43.3571
270.865,-44.2434
270.87,-44.5585
270.875,-43.9095
270.88,-43.5127
270.885,-43.1617
270.89,-42.6163
270.895,-42.9688
270.9,-43.914
270.905,-44.4213
270.91,-45.2413
270.915,-46.9954
270.92,-48.2583
270.925,-48.5003
270.93,-48.8554
270.935,-49.4728
270.94,-49.9493
270.945,-50.9675
270.95,-51.7004
270.955,-50.1812
270.96,-46.9393
270.965,-43.6711
270.97,-40.1212
270.975,-36.179
270.98,-32.3037
270.985,-27.4735
270.99,-22.0819
270.995,-17.9854
271,-14.0796
271.005,-8.86393
271.01,-4.34266
271.015,-2.52443
271.02,-2.5475
271.025,-5.05553
271.03,-12.7622
271.035,-24.5375
271.04,-37.2919
271.045,-49.4947
271.05,-59.4278
271.055,-65.1664
271.06,-67.7307
271.065,-69.4206
271.07,-70.4715
271.075,-71.941
271.08,-75.7731
271.085,-80.9283
271.09,-83.6016
271.095,-80.7685
271.1,-67.2914
271.105,-31.4108
271.11,34.7866
271.115,124.407
271.12,213.938
271.125,271.265
271.13,270.201
271.135,212.874
271.14,126.764
271.145,41.1036
271.15,-25.0181
271.155,-64.7285
271.16,-82.7645
271.165,-87.3198
271.17,-84.2916
271.175,-78.8448
271.18,-74.6727
271.185,-71.1382
271.19,-67.4988
271.195,-65.2727
271.2,-63.329
271.205,-59.4958
271.21,-54.9624
271.215,-51.0204
271.22,-46.0389
271.225,-40.0694
271.23,-35.4975
271.235,-31.4552
271.24,-25.5932
271.245,-18.8809
271.25,-11.9614
271.255,-3.52632
271.26,5.8399
271.265,15.5858
271.27,26.4747
271.275,38.2919
271.28,50.5158
271.285,64.1537
271.29,79.1994
271.295,93.0341
271.3,104.932
271.305,115.499
271.31,124.36
271.315,131.638
271.32,138.243
271.325,142.711
271.33,142.481
271.335,137.828
271.34,129.378
271.345,116.156
271.35,98.765
271.355,79.5258
271.36,59.0692
271.365,37.7281
271.37,17.6166
271.375,-0.962545
271.38,-18.7292
271.385,-33.8523
271.39,-45.0904
271.395,-53.7967
271.4,-60.5193
271.405,-64.7564
271.41,-68.1614
271.415,-71.9384
271.42,-74.8116
271.425,-76.3081
271.43,-76.9193
271.435,-75.9194
271.44,-73.7086
271.445,-72.0996
271.45,-70.8413
271.455,-68.9219
271.46,-67.7644
271.465,-67.5322
271.47,-65.8585
271.475,-63.1177
271.48,-61.6395
271.485,-61.0941
271.49,-60.9291
271.495,-62.0296
271.5,-62.9828
271.505,-61.7148
271.51,-59.8238
271.515,-58.8864
271.52,-57.8176
271.525,-56.6544
271.53,-56.7942
271.535,-56.9057
271.54,-55.8617
271.545,-55.9782
271.55,-57.447
271.555,-57.8508
271.56,-57.4534
271.565,-56.521
271.57,-52.9702
271.575,-47.3775
271.58,-42.5857
271.585,-38.4395
271.59,-33.517
271.595,-28.1513
271.6,-22.4149
271.605,-16.6607
271.61,-12.5872
271.615,-9.61998
271.62,-5.00361
271.625,0.370874
271.63,2.85458
271.635,1.56319
271.64,-4.95779
271.645,-17.6443
271.65,-32.1657
271.655,-44.0908
271.66,-53.2456
271.665,-60.2203
271.67,-64.2832
271.675,-66.4941
271.68,-68.7269
271.685,-70.2161
271.69,-71.4126
271.695,-75.2504
271.7,-79.6849
271.705,-78.4767
271.71,-68.6656
271.715,-43.2348
271.72,10.6288
271.725,95.1591
271.73,191.588
271.735,268.779
271.74,296.464
271.745,260.654
271.75,179.964
271.755,88.7479
271.76,11.8274
271.765,-40.7554
271.77,-68.6678
271.775,-78.6989
271.78,-79.5023
271.785,-75.9979
271.79,-71.1749
271.795,-67.5074
271.8,-64.4795
271.805,-60.867
271.81,-57.989
271.815,-55.4962
271.82,-50.6304
271.825,-43.828
271.83,-37.6013
271.835,-32.087
271.84,-26.792
271.845,-22.6022
271.85,-17.4969
271.855,-9.54479
271.86,-1.14891
271.865,6.87779
271.87,16.603
271.875,27.6161
271.88,38.0914
271.885,49.0482
271.89,61.2755
271.895,73.2019
271.9,85.9581
271.905,100.845
271.91,115.353
271.915,128.048
271.92,139.991
271.925,150.132
271.93,156.129
271.935,158.92
271.94,159.46
271.945,155.612
271.95,147.27
271.955,136.336
271.96,122.272
271.965,104.903
271.97,86.3364
271.975,66.7919
271.98,45.9976
271.985,26.4325
271.99,9.24834
271.995,-6.53431
272,-20.0576
272.005,-29.9856
272.01,-37.7269
272.015,-44.0425
272.02,-47.3233
272.025,-48.4655
272.03,-49.1741
272.035,-48.3664
272.04,-46.1063
272.045,-45.2085
272.05,-44.6252
272.055,-41.8467
272.06,-39.6408
272.065,-39.5512
272.07,-38.7883
272.075,-37.6549
272.08,-38.301
272.085,-39.8898
272.09,-40.3231
272.095,-39.8355
272.1,-38.4663
272.105,-36.0598
272.11,-34.6805
272.115,-34.6406
272.12,-33.9077
272.125,-32.6364
272.13,-32.451
272.135,-32.9116
272.14,-33.6358
272.145,-35.7997
272.15,-39.04
272.155,-41.7421
272.16,-44.5366
272.165,-47.2114
272.17,-46.3818
272.175,-41.1366
272.18,-34.2706
272.185,-27.0516
272.19,-19.5926
272.195,-13.378
272.2,-7.53131
272.205,-1.26207
272.21,3.36501
272.215,6.86503
272.22,11.8825
272.225,18.2943
272.23,22.7552
272.235,23.5298
272.24,20.1063
272.245,10.6268
272.25,-3.13107
272.255,-17.1424
272.26,-29.7404
272.265,-40.0967
272.27,-46.699
272.275,-49.8724
272.28,-51.7455
272.285,-52.8815
272.29,-53.5784
272.295,-56.1087
272.3,-61.0732
272.305,-65.6328
272.31,-65.6626
272.315,-56.8134
272.32,-30.9566
272.325,21.8593
272.33,103.3
272.335,197.846
272.34,273.994
272.345,300.3
272.35,264.73
272.355,185.492
272.36,93.7409
272.365,15.1395
272.37,-37.2438
272.375,-63.9977
272.38,-73.203
272.385,-72.0384
272.39,-66.4038
272.395,-61.3482
272.4,-58.0485
272.405,-54.9305
272.41,-51.8694
272.415,-48.7157
272.42,-44.0062
272.425,-38.0805
272.43,-32.4625
272.435,-26.676
272.44,-19.9665
272.445,-13.0443
272.45,-5.88509
272.455,2.65004
272.46,12.1637
272.465,21.8739
272.47,31.8466
272.475,41.3882
272.48,50.5719
272.485,60.9343
272.49,72.8162
272.495,84.7517
272.5,96.7011
272.505,109.634
272.51,122.861
272.515,135.681
272.52,148.495
272.525,160.124
272.53,168.253
272.535,173.217
272.54,175.911
272.545,175.449
272.55,171.815
272.555,165.329
272.56,154.711
272.565,139.471
272.57,121.207
272.575,101.169
272.58,79.5163
272.585,57.479
272.59,36.312
272.595,16.2411
272.6,-1.73956
272.605,-16.3893
272.61,-28.3965
272.615,-38.4006
272.62,-45.5258
272.625,-50.3689
272.63,-54.4385
272.635,-57.4223
272.64,-59.3855
272.645,-61.5271
272.65,-63.4457
272.655,-64.2859
272.66,-64.8954
272.665,-65.227
272.67,-63.8781
272.675,-61.3285
272.68,-59.179
272.685,-57.5407
272.69,-56.2583
272.695,-56.0151
272.7,-56.3484
272.705,-55.9304
272.71,-54.931
272.715,-54.0249
272.72,-52.509
272.725,-50.1564
272.73,-48.1664
272.735,-46.423
272.74,-44.5127
272.745,-43.6511
272.75,-43.6991
272.755,-43.2289
272.76,-42.945
272.765,-43.5536
272.77,-42.831
272.775,-39.8424
272.78,-36.3858
272.785,-32.7376
272.79,-28.3117
272.795,-23.3111
272.8,-17.3854
272.805,-10.9893
272.81,-5.692
272.815,-1.37713
272.82,3.8909
272.825,9.89774
272.83,13.8653
272.835,14.6882
272.84,11.0449
272.845,0.960601
272.85,-12.9621
272.855,-25.4636
272.86,-35.3615
272.865,-43.5469
272.87,-48.9196
272.875,-52.3518
272.88,-56.2654
272.885,-60.0908
272.89,-62.8809
272.895,-66.3277
272.9,-70.2051
272.905,-70.7057
272.91,-65.71
272.915,-50.9888
272.92,-13.0978
272.925,57.7864
272.93,151.429
272.935,239.393
272.94,289.618
272.945,279.183
272.95,215.051
272.955,127.932
272.96,46.2414
272.965,-13.8995
272.97,-47.2357
272.975,-58.8838
272.98,-58.5449
272.985,-52.2805
272.99,-43.81
272.995,-37.8072
273,-35.4778
273.005,-34.4196
273.01,-34.2888
273.015,-34.9799
273.02,-33.6823
273.025,-29.9171
273.03,-25.8496
273.035,-20.9684
273.04,-14.6267
273.045,-8.6818
273.05,-2.73094
273.055,5.24713
273.06,13.8082
273.065,21.3244
273.07,29.4344
273.075,38.4492
273.08,46.7155
273.085,55.4393
273.09,66.352
273.095,78.4806
273.1,91.5557
273.105,106.144
273.11,120.419
273.115,132.683
273.12,143.963
273.125,153.714
273.13,159.832
273.135,163.41
273.14,165.477
273.145,164.095
273.15,158.706
273.155,150.218
273.16,137.184
273.165,119.489
273.17,100.545
273.175,81.8115
273.18,62.2935
273.185,43.3168
273.19,26.5541
273.195,11.2459
273.2,-2.16997
273.205,-11.9708
273.21,-19.3893
273.215,-25.6395
273.22,-29.1276
273.225,-30.4164
273.23,-31.9993
273.235,-32.9401
273.24,-32.0223
273.245,-31.0842
273.25,-30.3138
273.255,-28.0373
273.26,-25.4732
273.265,-23.9452
273.27,-21.9932
273.275,-18.9915
273.28,-16.4317
273.285,-14.0759
273.29,-11.2265
273.295,-9.06035
273.3,-7.13817
273.305,-4.15257
273.31,-1.74373
273.315,-1.06554
273.32,-0.441628
273.325,0.352006
273.33,0.10613
273.335,0.589171
273.34,3.4022
273.345,6.96816
273.35,10.8067
273.355,15.9151
273.36,21.5747
273.365,27.206
273.37,33.406
273.375,39.4027
273.38,44.4026
273.385,50.3469
273.39,57.4786
273.395,61.807
273.4,60.8817
273.405,54.6997
273.41,42.6695
273.415,26.5382
273.42,10.9552
273.425,-1.27901
273.43,-10.3038
273.435,-15.4101
273.44,-16.7608
273.445,-17.3896
273.45,-18.859
273.455,-20.3553
273.46,-22.3942
273.465,-25.3228
273.47,-25.7228
273.475,-20.3483
273.48,-7.58788
273.485,19.2694
273.49,69.8344
273.495,142.434
273.5,217.38
273.505,268.75
273.51,274.313
273.515,230.664
273.52,160.042
273.525,88.8984
273.53,33.3748
273.535,0.0303374
273.54,-13.7204
273.545,-15.9889
273.55,-13.108
273.555,-7.72954
273.56,-2.92958
273.565,-0.104301
273.57,2.54918
273.575,5.29027
273.58,7.02289
273.585,9.45423
273.59,13.9062
273.595,18.7282
273.6,23.5564
273.605,29.6257
273.61,36.0714
273.615,41.8885
273.62,48.4883
273.625,56.0924
273.63,63.1504
273.635,70.0179
273.64,77.8719
273.645,86.2483
273.65,95.5145
273.655,106.823
273.66,118.611
273.665,129.467
273.67,141.016
273.675,152.964
273.68,162.974
273.685,172.122
273.69,181.286
273.695,188.154
273.7,192.152
273.705,194.41
273.71,193.465
273.715,188.299
273.72,180.097
273.725,167.997
273.73,150.493
273.735,129.79
273.74,108.43
273.745,86.1705
273.75,64.5262
273.755,46.3586
273.76,30.9366
273.765,17.6143
273.77,8.35848
273.775,2.07034
273.78,-4.22939
273.785,-10.0189
273.79,-14.2144
273.795,-17.7694
273.8,-20.1585
273.805,-20.1469
273.81,-19.5207
273.815,-19.6231
273.82,-18.7253
273.825,-17.2862
273.83,-17.2774
273.835,-16.9508
273.84,-14.8872
273.845,-12.6116
273.85,-10.4526
273.855,-7.62526
273.86,-6.22538
273.865,-6.96444
273.87,-6.29292
273.875,-4.10754
273.88,-3.60326
273.885,-4.43818
273.89,-4.91975
273.895,-5.96811
273.9,-7.3015
273.905,-6.70721
273.91,-5.25831
273.915,-4.24404
273.92,-1.89527
273.925,1.63106
273.93,4.98213
273.935,8.95425
273.94,13.9486
273.945,18.4671
273.95,23.4035
273.955,30.827
273.96,38.0112
273.965,41.3296
273.97,40.78
273.975,34.9431
273.98,23.0201
273.985,9.06888
273.99,-3.2466
273.995,-13.8854
274,-21.8925
274.005,-25.8862
274.01,-28.0414
274.015,-30.5626
274.02,-32.7955
274.025,-34.9722
274.03,-38.5195
274.035,-41.6587
274.04,-40.9104
274.045,-35.1251
274.05,-18.9362
274.055,20.469
274.06,89.3155
274.065,178.154
274.07,262.379
274.075,311.299
274.08,302.458
274.085,242.477
274.09,158.81
274.095,77.7123
274.1,16.2453
274.105,-19.7647
274.11,-35.8303
274.115,-40.2954
274.12,-38.3283
274.125,-34.6477
274.13,-32.7335
274.135,-31.3937
274.14,-29.1837
274.145,-27.2011
274.15,-24.624
274.155,-19.6137
274.16,-13.7308
274.165,-8.57238
274.17,-3.14652
274.175,2.14786
274.18,6.314
274.185,11.2803
274.19,18.0476
274.195,24.4919
274.2,30.5557
274.205,38.4923
274.21,47.6798
274.215,56.6952
274.22,66.6331
274.225,77.2958
274.23,87.9479
274.235,100.408
274.24,115.082
274.245,129
274.25,141.145
274.255,152.186
274.26,160.436
274.265,165.345
274.27,168.94
274.275,170.411
274.28,167.112
274.285,159.892
274.29,150.152
274.295,136.517
274.3,119.427
274.305,100.932
274.31,80.7445
274.315,59.3233
274.32,39.4629
274.325,21.8392
274.33,5.69102
274.335,-7.64909
274.34,-17.6505
274.345,-26.3101
274.35,-34.0833
274.355,-39.2357
274.36,-42.4801
274.365,-45.2481
274.37,-46.2288
274.375,-45.527
274.38,-45.1604
274.385,-44.221
274.39,-41.4431
274.395,-38.7047
274.4,-37.1893
274.405,-35.5326
274.41,-33.8824
274.415,-33.4547
274.42,-32.9925
274.425,-32.0326
274.43,-32.2173
274.435,-32.5468
274.44,-31.4909
274.445,-30.765
274.45,-30.9901
274.455,-29.8333
274.46,-27.1803
274.465,-24.3791
274.47,-20.1324
274.475,-14.3416
274.48,-9.77185
274.485,-5.94852
274.49,-0.84654
274.495,4.00557
274.5,7.56097
274.505,11.9231
274.51,17.5939
274.515,23.1198
274.52,28.271
274.525,30.8786
274.53,26.8507
274.535,16.6298
274.54,4.09807
274.545,-9.18531
274.55,-21.3645
274.555,-29.6197
274.56,-35.2156
274.565,-40.5739
274.57,-44.7579
274.575,-47.4899
274.58,-50.5286
274.585,-53.3692
274.59,-55.2496
274.595,-56.7245
274.6,-55.0723
274.605,-44.2987
274.61,-16.3506
274.615,38.854
274.62,124.55
274.625,222.461
274.63,298.564
274.635,324.173
274.64,289.828
274.645,211.776
274.65,120.55
274.655,43.0032
274.66,-9.75195
274.665,-39.1369
274.67,-49.8069
274.675,-49.5339
274.68,-46.8054
274.685,-44.4358
274.69,-42.1172
274.695,-41.0449
274.7,-40.89
274.705,-39.2835
274.71,-36.0383
274.715,-31.7544
274.72,-25.5891
274.725,-18.0752
274.73,-11.9003
274.735,-6.86619
274.74,-1.27
274.745,4.23935
274.75,10.0197
274.755,17.913
274.76,26.9552
274.765,35.7028
274.77,45.4419
274.775,56.1459
274.78,66.413
274.785,77.2118
274.79,89.5731
274.795,101.796
274.8,113.607
274.805,126.516
274.81,138.83
274.815,148.372
274.82,156.306
274.825,162.629
274.83,164.944
274.835,163.554
274.84,159.109
274.845,149.682
274.85,135.323
274.855,118.234
274.86,98.5275
274.865,76.6917
274.87,55.9744
274.875,37.4879
274.88,19.9422
274.885,4.12216
274.89,-8.56445
274.895,-19.3345
274.9,-28.5153
274.905,-34.3878
274.91,-37.8295
274.915,-40.8706
274.92,-42.6502
274.925,-43.1194
274.93,-43.8023
274.935,-44.2677
274.94,-43.7914
274.945,-43.5585
274.95,-42.8166
274.955,-39.7897
274.96,-36.2526
274.965,-34.0343
274.97,-31.8287
274.975,-29.5178
274.98,-29.0222
274.985,-29.5565
274.99,-29.6832
274.995,-30.5408
275,-31.7226
275.005,-31.0837
275.01,-29.2822
275.015,-27.9918
275.02,-25.9413
275.025,-22.66
275.03,-19.7013
275.035,-16.4904
275.04,-11.7436
275.045,-6.50701
275.05,-1.47784
275.055,4.1787
275.06,9.56455
275.065,14.3111
275.07,20.2326
275.075,26.4017
275.08,29.3101
275.085,27.7115
275.09,21.3636
275.095,10.0359
275.1,-3.25303
275.105,-14.0457
275.11,-21.2914
275.115,-25.7641
275.12,-27.1517
275.125,-27.1589
275.13,-28.5698
275.135,-30.5031
275.14,-31.6472
275.145,-33.9109
275.15,-37.016
275.155,-36.6159
275.16,-30.0424
275.165,-12.3798
275.17,29.0004
275.175,100.69
275.18,188.647
275.185,264.816
275.19,301.123
275.195,280.352
275.2,213.852
275.205,132.272
275.21,60.3079
275.215,9.58167
275.22,-17.5182
275.225,-27.251
275.23,-29.2811
275.235,-28.6162
275.24,-26.5079
275.245,-24.6794
275.25,-23.347
275.255,-20.9494
275.26,-17.8454
275.265,-14.2436
275.27,-8.23629
275.275,-0.333835
275.28,6.36949
275.285,12.1206
275.29,18.2274
275.295,23.2425
275.3,27.4544
275.305,33.0493
275.31,39.1497
275.315,44.7663
275.32,51.8809
275.325,60.6524
275.33,68.8929
275.335,77.4042
275.34,87.8259
275.345,98.9117
275.35,110.371
275.355,123.178
275.36,135.365
275.365,145.253
275.37,154.607
275.375,163.607
275.38,169.99
275.385,173.76
275.39,175.458
275.395,172.898
275.4,165.4
275.405,154.505
275.41,139.931
275.415,121.378
275.42,101.496
275.425,81.7297
275.43,61.4343
275.435,42.2742
275.44,25.8859
275.445,11.4398
275.45,-0.592943
275.455,-8.90359
275.46,-15.3842
275.465,-21.6764
275.47,-26.1898
275.475,-28.6784
275.48,-30.7927
275.485,-31.9721
275.49,-32.1177
275.495,-32.9738
275.5,-33.7156
275.505,-32.2763
275.51,-29.9723
275.515,-28.1566
275.52,-25.3298
275.525,-21.854
275.53,-19.9223
275.535,-18.6641
275.54,-17.259
275.545,-17.4015
275.55,-18.5327
275.555,-18.1501
275.56,-17.0469
275.565,-16.916
275.57,-16.3501
275.575,-14.674
275.58,-12.5097
275.585,-9.04024
275.59,-4.04126
275.595,0.254611
275.6,3.13715
275.605,6.19101
275.61,8.95127
275.615,10.6099
275.62,13.6966
275.625,19.6027
275.63,26.4815
275.635,32.9086
275.64,37.3461
275.645,36.2901
275.65,28.6776
275.655,17.6304
275.66,5.28471
275.665,-6.80494
275.67,-15.5206
275.675,-20.5297
275.68,-24.0439
275.685,-26.0157
275.69,-26.4539
275.695,-27.8594
275.7,-30.903
275.705,-34.2721
275.71,-37.6767
275.715,-38.5993
275.72,-32.0334
275.725,-13.4439
275.73,25.6934
275.735,94.3402
275.74,184.973
275.745,268.732
275.75,314.642
275.755,304.599
275.76,243.682
275.765,157.977
275.77,76.9927
275.775,17.5003
275.78,-17.866
275.785,-32.5079
275.79,-33.237
275.795,-29.2541
275.8,-25.6354
275.805,-22.2952
275.81,-19.4565
275.815,-17.4151
275.82,-13.9293
275.825,-8.53464
275.83,-2.91732
275.835,3.56379
275.84,11.4269
275.845,18.4669
275.85,23.8102
275.855,28.353
275.86,31.8041
275.865,34.8815
275.87,40.0001
275.875,46.8461
275.88,53.2592
275.885,60.5955
275.89,70.3092
275.895,80.4692
275.9,90.5333
275.905,101.874
275.91,113.283
275.915,123.678
275.92,134.709
275.925,145.963
275.93,154.887
275.935,161.942
275.94,167.753
275.945,170.359
275.95,169.644
275.955,167.06
275.96,161.294
275.965,150.859
275.97,136.759
275.975,119.445
275.98,98.6114
275.985,76.7221
275.99,56.7318
275.995,38.5659
276,22.6207
276.005,10.1415
276.01,0.0549312
276.015,-8.97144
276.02,-15.6005
276.025,-19.6927
276.03,-23.0323
276.035,-25.3502
276.04,-25.9276
276.045,-26.5041
276.05,-27.2139
276.055,-26.6693
276.06,-26.2831
276.065,-26.762
276.07,-25.8797
276.075,-23.9322
276.08,-22.9809
276.085,-22.0328
276.09,-20.291
276.095,-19.4322
276.1,-19.2544
276.105,-18.0324
276.11,-17.1203
276.115,-17.6283
276.12,-17.5119
276.125,-16.4527
276.13,-16.454
276.135,-16.2401
276.14,-13.7187
276.145,-10.1379
276.15,-5.8282
276.155,0.374999
276.16,6.28532
276.165,10.0979
276.17,13.3706
276.175,16.2949
276.18,18.0973
276.185,21.112
276.19,26.8797
276.195,32.3446
276.2,35.2861
276.205,36.1237
276.21,32.6938
276.215,23.0007
276.22,10.6609
276.225,-0.872802
276.23,-11.4593
276.235,-19.7808
276.24,-24.8693
276.245,-28.6793
276.25,-31.6022
276.255,-32.3142
276.26,-32.5776
276.265,-34.8258
276.27,-38.0713
276.275,-39.968
276.28,-38.2113
276.285,-27.5968
276.29,2.57192
276.295,59.5628
276.3,139.571
276.305,224.856
276.31,285.931
276.315,296.238
276.32,252.697
276.325,176.015
276.33,93.0226
276.335,24.9019
276.34,-18.9961
276.345,-41.5716
276.35,-49.7348
276.355,-48.4162
276.36,-43.1576
276.365,-38.7436
276.37,-35.1173
276.375,-31.792
276.38,-30.0105
276.385,-28.3153
276.39,-24.3117
276.395,-19.2493
276.4,-14.6981
276.405,-9.74746
276.41,-4.98839
276.415,-1.56723
276.42,2.24324
276.425,7.44751
276.43,12.436
276.435,17.4386
276.44,24.0218
276.445,31.025
276.45,38.0005
276.455,46.8286
276.46,56.663
276.465,65.7669
276.47,75.811
276.475,87.4964
276.48,98.4332
276.485,108.492
276.49,118.697
276.495,127.211
276.5,132.716
276.505,136.687
276.51,138.637
276.515,136.407
276.52,130.455
276.525,120.938
276.53,106.563
276.535,88.9375
276.54,70.6717
276.545,51.8992
276.55,33.3926
276.555,17.224
276.56,3.01968
276.565,-10.29
276.57,-21.4128
276.575,-29.9175
276.58,-37.6193
276.585,-44.1514
276.59,-47.6157
276.595,-49.2775
276.6,-50.3235
276.605,-50.6012
276.61,-51.8169
276.615,-54.4633
276.62,-55.5906
276.625,-54.5641
276.63,-53.9236
276.635,-53.812
276.64,-53.2397
276.645,-53.6393
276.65,-55.0441
276.655,-55.0254
276.66,-54.2538
276.665,-54.4566
276.67,-54.25
276.675,-53.2442
276.68,-53.1591
276.685,-53.3156
276.69,-51.8164
276.695,-49.6684
276.7,-47.948
276.705,-45.2757
276.71,-41.3798
276.715,-38.4262
276.72,-35.5995
276.725,-32.156
276.73,-30.8341
276.735,-30.8602
276.74,-29.3958
276.745,-27.1668
276.75,-23.6557
276.755,-16.9451
276.76,-9.32136
276.765,-4.93241
276.77,-4.195
276.775,-7.05319
276.78,-15.5219
276.785,-27.9075
276.79,-39.9388
276.795,-50.8349
276.8,-60.2991
276.805,-66.3318
276.81,-69.9427
276.815,-72.6512
276.82,-73.6776
276.825,-73.746
276.83,-75.3051
276.835,-78.2921
276.84,-80.6013
276.845,-80.7712
276.85,-75.076
276.855,-52.7146
276.86,-2.49337
276.865,76.2549
276.87,169.948
276.875,249.664
276.88,282.886
276.885,254.857
276.89,181.242
276.895,91.4148
276.9,11.76
276.905,-42.2154
276.91,-70.4906
276.915,-81.2654
276.92,-80.9256
276.925,-75.1924
276.93,-70.1638
276.935,-67.2365
276.94,-65.0472
276.945,-63.5975
276.95,-61.8571
276.955,-57.6065
276.96,-51.4399
276.965,-45.5555
276.97,-39.4467
276.975,-33.0161
276.98,-28.2813
276.985,-24.508
276.99,-19.0532
276.995,-12.2379
277,-4.78487
277.005,3.97093
277.01,12.9223
277.015,21.022
277.02,29.9964
277.025,40.8127
277.03,51.7413
277.035,62.7489
277.04,74.9514
277.045,86.9184
277.05,97.7701
277.055,108.756
277.06,118.419
277.065,124.046
277.07,126.678
277.075,127.778
277.08,126.16
277.085,121.489
277.09,113.658
277.095,100.298
277.1,82.1222
277.105,63.5285
277.11,45.6256
277.115,27.566
277.12,10.7067
277.125,-4.23711
277.13,-18.9767
277.135,-33.1191
277.14,-44.2575
277.145,-52.9913
277.15,-60.0433
277.155,-64.2975
277.16,-66.7096
277.165,-68.7271
277.17,-68.8415
277.175,-67.0921
277.18,-65.888
277.185,-65.2901
277.19,-64.2605
277.195,-64.1227
277.2,-65.3707
277.205,-65.9607
277.21,-65.6207
277.215,-65.644
277.22,-65.6251
277.225,-65.4025
277.23,-66.1049
277.235,-66.3279
277.24,-64.3224
277.245,-62.1921
277.25,-61.1769
277.255,-59.5175
277.26,-57.6041
277.265,-56.6576
277.27,-55.592
277.275,-53.854
277.28,-52.7613
277.285,-51.2073
277.29,-47.2858
277.295,-43.2052
277.3,-40.1832
277.305,-36.8909
277.31,-33.7754
277.315,-31.5008
277.32,-28.2714
277.325,-23.3133
277.33,-17.8626
277.335,-11.1134
277.34,-2.85757
277.345,3.19068
277.35,3.9516
277.355,-1.03631
277.36,-12.2636
277.365,-28.0502
277.37,-43.2068
277.375,-54.5011
277.38,-62.4702
277.385,-67.4472
277.39,-69.7057
277.395,-71.8027
277.4,-74.2266
277.405,-74.9724
277.41,-75.1757
277.415,-76.5837
277.42,-76.3587
277.425,-70.6092
277.43,-54.9371
277.435,-18.0947
277.44,48.58
277.445,136.96
277.45,222.372
277.455,276.052
277.46,274.097
277.465,216.278
277.47,129.467
277.475,44.3982
277.48,-21.2188
277.485,-61.3692
277.49,-78.5465
277.495,-82.271
277.5,-80.7419
277.505,-76.7435
277.51,-72.9402
277.515,-71.5518
277.52,-70.7199
277.525,-69.15
277.53,-67.773
277.535,-65.5711
277.54,-61.0501
277.545,-55.8867
277.55,-51.0314
277.555,-45.2127
277.56,-38.993
277.565,-33.6868
277.57,-28.326
277.575,-22.6802
277.58,-17.5611
277.585,-11.9383
277.59,-4.98904
277.595,2.04412
277.6,9.80074
277.605,20.9425
277.61,34.6682
277.615,48.6389
277.62,62.8082
277.625,76.388
277.63,87.4486
277.635,96.8812
277.64,105.864
277.645,112.661
277.65,116.172
277.655,116.814
277.66,113.752
277.665,106.273
277.67,95.9423
277.675,82.9423
277.68,65.7698
277.685,45.5689
277.69,24.951
277.695,4.41834
277.7,-15.1741
277.705,-31.9466
277.71,-46.4475
277.715,-59.6348
277.72,-69.8838
277.725,-76.8405
277.73,-82.7466
277.735,-87.5471
277.74,-90.0261
277.745,-91.3271
277.75,-91.5477
277.755,-89.5758
277.76,-86.8773
277.765,-85.1941
277.77,-83.3857
277.775,-81.4432
277.78,-81.0176
277.785,-81.0506
277.79,-80.1674
277.795,-79.8835
277.8,-80.6121
277.805,-80.5451
277.81,-79.992
277.815,-80.2875
277.82,-80.0684
277.825,-78.8099
277.83,-78.0997
277.835,-77.7015
277.84,-76.4385
277.845,-75.4593
277.85,-75.3102
277.855,-74.2266
277.86,-72.9022
277.865,-72.6858
277.87,-71.6495
277.875,-68.9677
277.88,-66.3335
277.885,-63.5935
277.89,-59.6191
277.895,-56.2047
277.9,-53.7801
277.905,-50.3383
277.91,-46.5086
277.915,-43.1159
277.92,-37.9923
277.925,-30.457
277.93,-23.3139
277.935,-18.1246
277.94,-16.2171
277.945,-20.9362
277.95,-32.2111
277.955,-45.4532
277.96,-57.9562
277.965,-68.478
277.97,-75.0463
277.975,-77.8774
277.98,-79.7939
277.985,-81.1679
277.99,-81.6603
277.995,-83.5964
278,-87.9179
278.005,-92.2508
278.01,-94.2696
278.015,-91.0326
278.02,-75.0903
278.025,-35.2474
278.03,35.2078
278.035,128.61
278.04,217.859
278.045,268.11
278.05,256.651
278.055,192.039
278.06,103.633
278.065,20.1067
278.07,-40.201
278.075,-73.872
278.08,-88.064
278.085,-89.9185
278.09,-85.1126
278.095,-79.7867
278.1,-76.061
278.105,-72.3931
278.11,-68.9451
278.115,-66.1348
278.12,-62.0937
278.125,-56.0873
278.13,-50.2167
278.135,-44.9173
278.14,-38.9211
278.145,-33.471
278.15,-29.4073
278.155,-24.5902
278.16,-18.6363
278.165,-12.7999
278.17,-5.54925
278.175,3.97133
278.18,13.6652
278.185,23.0197
278.19,33.2623
278.195,43.4806
278.2,53.6919
278.205,65.7096
278.21,78.8409
278.215,90.6283
278.22,101.155
278.225,110.89
278.23,118.259
278.235,123.626
278.24,128.287
278.245,130.299
278.25,127.751
278.255,121.89
278.26,112.828
278.265,99.1604
278.27,82.1431
278.275,63.729
278.28,43.9377
278.285,24.4043
278.29,7.63998
278.295,-7.11578
278.3,-20.8381
278.305,-31.8355
278.31,-40.026
278.315,-46.9401
278.32,-52.2376
278.325,-55.8073
278.33,-59.2085
278.335,-62.0435
278.34,-62.6561
278.345,-61.8267
278.35,-60.9355
278.355,-59.4032
278.36,-57.2916
278.365,-55.6429
278.37,-53.5724
278.375,-50.8307
278.38,-49.4429
278.385,-49.1869
278.39,-48.0713
278.395,-46.8222
278.4,-46.4702
278.405,-45.9335
278.41,-45.2195
278.415,-45.2651
278.42,-44.8408
278.425,-43.3835
278.43,-43.0056
278.435,-43.9783
278.44,-44.3647
278.445,-44.7048
278.45,-45.6502
278.455,-45.1911
278.46,-43.1875
278.465,-41.2912
278.47,-38.8206
278.475,-35.3172
278.48,-32.5391
278.485,-30.5383
278.49,-27.4335
278.495,-23.6106
278.5,-20.2307
278.505,-16.0736
278.51,-11.0496
278.515,-6.23701
278.52,-1.13948
278.525,3.54912
278.53,4.38378
278.535,-0.231279
278.54,-9.09016
278.545,-21.1661
278.55,-34.4318
278.555,-44.9838
278.56,-51.7412
278.565,-56.0966
278.57,-57.5745
278.575,-56.4658
278.58,-55.6189
278.585,-55.8749
278.59,-56.4755
278.595,-58.5016
278.6,-60.2845
278.605,-56.0546
278.61,-41.2925
278.615,-8.31557
278.62,52.7266
278.625,137.483
278.63,219.906
278.635,269.266
278.64,264.785
278.645,208.543
278.65,125.659
278.655,46.1321
278.66,-12.6602
278.665,-47.8286
278.67,-62.7412
278.675,-64.4917
278.68,-61.3067
278.685,-57.2218
278.69,-52.9446
278.695,-50.2639
278.7,-49.6355
278.705,-48.4629
278.71,-46.0083
278.715,-43.1682
278.72,-38.8382
278.725,-32.7722
278.73,-27.2459
278.735,-22.5518
278.74,-17.2636
278.745,-11.8321
278.75,-6.04223
278.755,2.09359
278.76,11.6557
278.765,20.098
278.77,28.3223
278.775,37.3327
278.78,45.2877
278.785,52.5606
278.79,62.0788
278.795,73.3684
278.8,84.7063
278.805,96.142
278.81,106.688
278.815,114.863
278.82,122.028
278.825,128.958
278.83,133.729
278.835,135.63
278.84,135.414
278.845,131.55
278.85,123.557
278.855,113.502
278.86,101.002
278.865,84.3679
278.87,65.5233
278.875,46.7625
278.88,27.5825
278.885,9.05464
278.89,-6.30198
278.895,-18.8899
278.9,-29.2851
278.905,-36.0681
278.91,-40.1902
278.915,-43.8004
278.92,-46.0539
278.925,-46.294
278.93,-46.2912
278.935,-46.3155
278.94,-45.0021
278.945,-43.1984
278.95,-42.0709
278.955,-40.3151
278.96,-37.9541
278.965,-36.1261
278.97,-33.4183
278.975,-29.2855
278.98,-25.9258
278.985,-23.5347
278.99,-20.9482
278.995,-19.7374
279,-20.7129
279.005,-21.7987
279.01,-22.6402
279.015,-23.8236
279.02,-24.0156
279.025,-23.4166
279.03,-23.9983
279.035,-25.3376
279.04,-25.5835
279.045,-25.3394
279.05,-24.7843
279.055,-22.5857
279.06,-19.9221
279.065,-18.7127
279.07,-18.53
279.075,-18.1361
279.08,-17.686
279.085,-16.6328
279.09,-14.4695
279.095,-13.2136
279.1,-12.671
279.105,-9.15543
279.11,-1.66599
279.115,7.23181
279.12,14.8029
279.125,18.5295
279.13,15.1659
279.135,4.67903
279.14,-8.77279
279.145,-21.6188
279.15,-31.2319
279.155,-35.8316
279.16,-36.729
279.165,-36.7288
279.17,-35.8536
279.175,-34.4355
279.18,-34.6806
279.185,-37.0352
279.19,-40.0677
279.195,-42.8217
279.2,-42.4171
279.205,-31.2923
279.21,1.10335
279.215,61.3486
279.22,145.096
279.225,230.799
279.23,286.092
279.235,286.077
279.24,232.297
279.245,148.652
279.25,64.0779
279.255,-0.365498
279.26,-39.2689
279.265,-58.0544
279.27,-62.8104
279.275,-59.6155
279.28,-55.179
279.285,-51.6572
279.29,-47.7306
279.295,-44.048
279.3,-40.9644
279.305,-35.9099
279.31,-28.7443
279.315,-22.2499
279.32,-16.2387
279.325,-9.35535
279.33,-2.5751
279.335,3.3469
279.34,8.55701
279.345,11.7967
279.35,13.2984
279.355,16.0505
279.36,20.9853
279.365,27.0528
279.37,35.641
279.375,47.1935
279.38,59.0753
279.385,70.2126
279.39,81.5336
279.395,91.9725
279.4,100.433
279.405,108.612
279.41,116.837
279.415,123.524
279.42,129.351
279.425,134.436
279.43,136.183
279.435,133.925
279.44,128.445
279.445,118.178
279.45,102.804
279.455,85.4352
279.46,67.3308
279.465,47.9625
279.47,29.2049
279.475,12.9079
279.48,-2.0076
279.485,-14.7969
279.49,-23.7979
279.495,-30.8264
279.5,-37.7662
279.505,-43.9289
279.51,-49.2223
279.515,-54.256
279.52,-57.7526
279.525,-59.2053
279.53,-59.924
279.535,-59.5017
279.54,-57.364
279.545,-54.9003
279.55,-52.688
279.555,-49.7586
279.56,-47.0886
279.565,-46.4929
279.57,-47.1663
279.575,-47.9905
279.58,-49.3881
279.585,-50.4457
279.59,-49.9897
279.595,-49.0838
279.6,-48.2038
279.605,-46.5965
279.61,-45.2715
279.615,-45.3498
279.62,-45.0872
279.625,-43.92
279.63,-43.9757
279.635,-44.9985
279.64,-45.1776
279.645,-45.5111
279.65,-46.1822
279.655,-44.2469
279.66,-39.7387
279.665,-34.7654
279.67,-28.8726
279.675,-22.5619
279.68,-18.1062
279.685,-14.8857
279.69,-10.5795
279.695,-5.65857
279.7,-0.554287
279.705,6.11812
279.71,13.7603
279.715,19.8824
279.72,23.5274
279.725,22.1663
279.73,11.9803
279.735,-6.71423
279.74,-29.4686
279.745,-52.6559
279.75,-72.3661
279.755,-84.4166
279.76,-89.9179
279.765,-92.9865
279.77,-94.0043
279.775,-92.9325
279.78,-92.2809
279.785,-90.8799
279.79,-84.3874
279.795,-71.3734
279.8,-44.4361
279.805,9.24779
279.81,90.3723
279.815,180.317
279.82,249.843
279.825,269.603
279.83,228.358
279.835,146.562
279.84,57.6186
279.845,-15.1366
279.85,-61.9443
279.855,-82.5665
279.86,-86.0176
279.865,-83.0081
279.87,-78.0236
279.875,-72.6862
279.88,-69.0878
279.885,-66.2098
279.89,-61.7252
279.895,-57.3457
279.9,-54.6669
279.905,-51.4851
279.91,-46.9919
279.915,-42.4716
279.92,-36.5938
279.925,-28.7178
279.93,-20.511
279.935,-9.828
279.94,6.39271
279.945,23.8309
279.95,36.049
279.955,41.8917
279.96,41.4759
279.965,35.8189
279.97,30.1307
279.975,29.4511
279.98,34.4216
279.985,44.9912
279.99,60.8724
279.995,77.6399
280,92.2311
280.005,104.547
280.01,112.938
280.015,116.634
280.02,118.605
280.025,119.183
280.03,113.66
280.035,100.973
280.04,84.7991
280.045,66.7047
280.05,47.0875
280.055,28.29
280.06,11.2963
280.065,-4.5107
280.07,-17.6938
280.075,-26.5178
280.08,-32.3742
280.085,-36.4648
280.09,-38.2365
280.095,-38.7499
280.1,-39.2932
280.105,-38.8564
280.11,-37.9498
280.115,-39.123
280.12,-41.1129
280.125,-42.2245
280.13,-44.4732
280.135,-47.3858
280.14,-48.466
280.145,-48.295
280.15,-48.057
280.155,-45.9039
280.16,-40.7918
280.165,-34.9556
280.17,-30.6784
280.175,-31.3349
280.18,-40.2372
280.185,-54.0604
280.19,-65.5612
280.195,-71.9226
280.2,-72.7868
280.205,-67.4271
280.21,-58.6505
280.215,-52.1569
280.22,-49.1781
280.225,-47.5494
280.23,-47.6468
280.235,-49.9916
280.24,-53.4002
280.245,-57.6104
280.25,-61.699
280.255,-62.7565
280.26,-59.9976
280.265,-55.5338
280.27,-50.5296
280.275,-45.032
280.28,-40.5803
280.285,-37.0754
280.29,-32.0426
280.295,-24.94
280.3,-16.2967
280.305,-6.63722
280.31,1.02128
280.315,3.14715
280.32,-0.959705
280.325,-9.56322
280.33,-21.0911
280.335,-32.8011
280.34,-41.2253
280.345,-46.5494
280.35,-50.2958
280.355,-52.0042
280.36,-52.8203
280.365,-55.2167
280.37,-58.5162
280.375,-60.8935
280.38,-62.4126
280.385,-59.9998
280.39,-48.4648
280.395,-21.5653
280.4,30.6561
280.405,112.738
280.41,207.845
280.415,281.734
280.42,303.246
280.425,261.733
280.43,175.484
280.435,77.7243
280.44,-3.87796
280.445,-58.6543
280.45,-87.6026
280.455,-96.1722
280.46,-93.3554
280.465,-87.481
280.47,-81.5627
280.475,-76.0636
280.48,-72.4834
280.485,-70.3067
280.49,-67.0959
280.495,-63.0418
280.5,-59.3738
280.505,-54.8408
280.51,-48.2959
280.515,-41.2418
280.52,-34.4758
280.525,-27.8429
280.53,-22.495
280.535,-18.2253
280.54,-13.4355
280.545,-7.94525
280.55,-1.85049
280.555,6.2522
280.56,16.1284
280.565,25.3399
280.57,34.2731
280.575,44.8244
280.58,56.3356
280.585,68.1944
280.59,81.2408
280.595,94.4785
280.6,106.646
280.605,118.012
280.61,127.006
280.615,130.91
280.62,131.043
280.625,129.14
280.63,124.063
280.635,114.714
280.64,101.616
280.645,84.4716
280.65,63.9015
280.655,43.5523
280.66,25.0613
280.665,6.78012
280.67,-11.4859
280.675,-28.9264
280.68,-45.9015
280.685,-60.6068
280.69,-68.8759
280.695,-71.1111
280.7,-71.762
280.705,-74.4906
280.71,-80.8663
280.715,-90.714
280.72,-99.3865
280.725,-102.861
280.73,-102.099
280.735,-99.2398
280.74,-94.6534
280.745,-89.6237
280.75,-85.7105
280.755,-81.8998
280.76,-78.1014
280.765,-75.2614
280.77,-73.2499
280.775,-71.845
280.78,-71.678
280.785,-72.0418
280.79,-71.3445
280.795,-70.1062
280.8,-68.9366
280.805,-66.3365
280.81,-62.7122
280.815,-60.5242
280.82,-59.8095
280.825,-60.2678
280.83,-62.103
280.835,-63.9982
280.84,-63.7234
280.845,-61.7997
280.85,-59.6707
280.855,-56.5512
280.86,-52.6143
280.865,-49.0755
280.87,-44.6993
280.875,-38.7648
280.88,-32.4838
280.885,-26.4839
280.89,-19.4321
280.895,-11.6959
280.9,-4.93505
280.905,-0.530212
280.91,-1.99387
280.915,-11.7698
280.92,-26.7467
280.925,-42.2999
280.93,-56.9075
280.935,-69.0816
280.94,-77.0913
280.945,-82.9806
280.95,-88.9765
280.955,-92.4918
280.96,-92.8307
280.965,-92.4216
280.97,-90.882
280.975,-85.2068
280.98,-74.5385
280.985,-56.5517
280.99,-20.4662
280.995,41.9239
281,122.89
281.005,197.915
281.01,237.075
281.015,219.963
281.02,155.03
281.025,72.0326
281.03,-2.37734
281.035,-54.251
281.04,-81.3161
281.045,-90.0184
281.05,-88.7524
281.055,-82.774
281.06,-75.9943
281.065,-71.6139
281.07,-69.5973
281.075,-67.7788
281.08,-65.3975
281.085,-62.2788
281.09,-58.0634
281.095,-53.207
281.1,-48.213
281.105,-42.6267
281.11,-36.4438
281.115,-30.5478
281.12,-24.7259
281.125,-18.5441
281.13,-12.3739
281.135,-5.71992
281.14,2.06629
281.145,9.93028
281.15,18.2915
281.155,30.0751
281.16,44.8922
281.165,59.3194
281.17,71.7978
281.175,81.8808
281.18,88.7646
281.185,94.397
281.19,101.439
281.195,108.22
281.2,112.538
281.205,115.387
281.21,116.068
281.215,111.841
281.22,103.431
281.225,92.0356
281.23,76.3586
281.235,57.331
281.24,37.3917
281.245,17.3919
281.25,-1.37096
281.255,-16.4611
281.26,-28.5744
281.265,-39.8324
281.27,-49.4315
281.275,-56.219
281.28,-61.4455
281.285,-65.3747
281.29,-67.7392
281.295,-70.2846
281.3,-73.7294
281.305,-76.4795
281.31,-78.042
281.315,-78.6787
281.32,-77.475
281.325,-74.2504
281.33,-71.1283
281.335,-69.7846
281.34,-69.4148
281.345,-69.6306
281.35,-70.9273
281.355,-72.3182
281.36,-73.0981
281.365,-73.6935
281.37,-73.9635
281.375,-73.4063
281.38,-72.6594
281.385,-72.2758
281.39,-71.7796
281.395,-72.0596
281.4,-73.3377
281.405,-74.1971
281.41,-74.3489
281.415,-74.504
281.42,-74.1711
281.425,-72.6217
281.43,-69.9788
281.435,-66.5087
281.44,-62.0942
281.445,-57.1348
281.45,-51.7474
281.455,-44.1927
281.46,-34.8138
281.465,-26.5887
281.47,-19.9691
281.475,-12.6176
281.48,-3.52891
281.485,5.41305
281.49,9.50288
281.495,4.44965
281.5,-7.83723
281.505,-21.964
281.51,-36.0145
281.515,-51.4199
281.52,-66.8825
281.525,-79.5384
281.53,-88.7073
281.535,-93.1393
281.54,-91.9946
281.545,-88.3312
281.55,-84.3329
281.555,-79.5484
281.56,-74.0726
281.565,-68.0232
281.57,-60.0438
281.575,-43.2469
281.58,-4.94075
281.585,60.4504
281.59,137.863
281.595,197.53
281.6,212.195
281.605,173.566
281.61,100.16
281.615,20.1549
281.62,-44.2077
281.625,-83.0072
281.63,-98.8761
281.635,-99.9381
281.64,-93.7855
281.645,-86.8037
281.65,-82.5061
281.655,-80.6056
281.66,-79.6762
281.665,-78.3858
281.67,-74.8395
281.675,-68.7226
281.68,-61.6926
281.685,-54.887
281.69,-48.2142
281.695,-41.8536
281.7,-35.7657
281.705,-29.7803
281.71,-23.9578
281.715,-18.2691
281.72,-12.0994
281.725,-4.90757
281.73,2.31006
281.735,9.85987
281.74,19.7578
281.745,31.5166
281.75,43.4985
281.755,55.3945
281.76,66.2173
281.765,74.5349
281.77,81.7623
281.775,89.7127
281.78,97.8326
281.785,105.699
281.79,113.562
281.795,119.74
281.8,121.462
281.805,117.303
281.81,107.164
281.815,91.7626
281.82,73.517
281.825,54.0383
281.83,32.9582
281.835,11.858
281.84,-6.58652
281.845,-22.0665
281.85,-35.4906
281.855,-46.967
281.86,-56.6402
281.865,-65.2811
281.87,-72.902
281.875,-78.4821
281.88,-82.5676
281.885,-85.6382
281.89,-87.335
281.895,-88.4528
281.9,-89.5959
281.905,-89.768
281.91,-88.4898
281.915,-86.425
281.92,-83.7938
281.925,-80.8219
281.93,-78.3736
281.935,-75.5333
281.94,-71.3834
281.945,-68.002
281.95,-66.7183
281.955,-66.6001
281.96,-67.5577
281.965,-70.4658
281.97,-73.9485
281.975,-75.966
281.98,-76.3429
281.985,-76.1702
281.99,-76.6486
281.995,-78.655
282,-81.4921
282.005,-82.8581
282.01,-81.6225
282.015,-78.6958
282.02,-73.925
282.025,-66.6976
282.03,-59.2358
282.035,-52.7445
282.04,-46.2729
282.045,-40.3057
282.05,-35.8292
282.055,-31.1366
282.06,-24.6198
282.065,-17.5846
282.07,-12.271
282.075,-11.1924
282.08,-17.4639
282.085,-30.6379
282.09,-46.392
282.095,-60.523
282.1,-71.0128
282.105,-77.5396
282.11,-80.994
282.115,-83.2203
282.12,-84.8012
282.125,-85.3262
282.13,-85.7762
282.135,-87.04
282.14,-87.9168
282.145,-86.0776
282.15,-78.4564
282.155,-58.3444
282.16,-14.3925
282.165,58.6721
282.17,149.238
282.175,229.302
282.18,267.488
282.185,245.483
282.19,175.444
282.195,87.8984
282.2,8.93493
282.205,-47.6157
282.21,-80.1016
282.215,-94.4946
282.22,-97.2859
282.225,-93.9325
282.23,-89.2739
282.235,-85.329
282.24,-81.7394
282.245,-78.4301
282.25,-75.2973
282.255,-70.7431
282.26,-63.8442
282.265,-55.5337
282.27,-46.6155
282.275,-37.3224
282.28,-28.7097
282.285,-21.1078
282.29,-13.263
282.295,-5.42577
282.3,1.34008
282.305,8.10229
282.31,16.1036
282.315,24.9136
282.32,34.9632
282.325,46.7384
282.33,58.9411
282.335,70.712
282.34,82.9701
282.345,95.4472
282.35,106.96
282.355,117.513
282.36,126.735
282.365,133.417
282.37,137.484
282.375,139.14
282.38,137.421
282.385,131.792
282.39,122.948
282.395,110.845
282.4,95.3132
282.405,78.0288
282.41,60.4847
282.415,42.4327
282.42,24.1269
282.425,6.7534
282.43,-9.33863
282.435,-23.8385
282.44,-35.954
282.445,-45.7328
282.45,-53.7792
282.455,-59.6824
282.46,-63.0195
282.465,-64.4885
282.47,-64.5058
282.475,-63.7226
282.48,-63.7081
282.485,-64.4326
282.49,-64.1595
282.495,-62.885
282.5,-61.4371
282.505,-59.3977
282.51,-57.0401
282.515,-55.7443
282.52,-55.1746
282.525,-54.1147
282.53,-53.4672
282.535,-53.8724
282.54,-54.123
282.545,-53.7792
282.55,-52.9524
282.555,-51.4344
282.56,-49.8072
282.565,-49.0228
282.57,-48.7224
282.575,-48.1563
282.58,-47.5301
282.585,-46.1382
282.59,-43.0978
282.595,-39.7569
282.6,-37.1603
282.605,-34.4125
282.61,-30.3352
282.615,-25.0941
282.62,-19.7289
282.625,-14.4631
282.63,-8.86272
282.635,-2.42711
282.64,4.41849
282.645,9.02477
282.65,8.76606
282.655,2.19602
282.66,-10.5619
282.665,-27.0584
282.67,-42.8766
282.675,-54.7355
282.68,-62.2979
282.685,-66.8624
282.69,-69.7088
282.695,-72.0341
282.7,-74.7509
282.705,-77.5621
282.71,-80.1725
282.715,-82.8923
282.72,-83.0704
282.725,-75.9153
282.73,-55.4761
282.735,-10.8376
282.74,64.9574
282.745,160.513
282.75,245.266
282.755,286.304
282.76,265.348
282.765,193.258
282.77,101.466
282.775,20.0191
282.78,-35.9892
282.785,-65.7009
282.79,-75.9835
282.795,-75.254
282.8,-70.1921
282.805,-64.6301
282.81,-59.7396
282.815,-55.6157
282.82,-52.0963
282.825,-48.5696
282.83,-44.5566
282.835,-39.9968
282.84,-34.7064
282.845,-28.4328
282.85,-21.6804
282.855,-14.6848
282.86,-7.18228
282.865,0.832064
282.87,9.28573
282.875,17.9856
282.88,26.815
282.885,35.4563
282.89,44.0818
282.895,53.0935
282.9,62.3644
282.905,72.1152
282.91,83.2119
282.915,95.5472
282.92,108.047
282.925,120.097
282.93,131.386
282.935,141.124
282.94,148.796
282.945,154.151
282.95,156.455
282.955,155.04
282.96,149.927
282.965,140.993
282.97,128.048
282.975,111.599
282.98,92.4813
282.985,71.2288
282.99,48.8869
282.995,27.111
283,6.87633
283.005,-11.2557
283.01,-26.664
283.015,-39.2555
283.02,-49.5255
283.025,-57.5945
283.03,-63.6172
283.035,-67.9611
283.04,-70.5302
283.045,-71.5216
283.05,-71.4251
283.055,-70.2194
283.06,-67.8119
283.065,-65.0202
283.07,-63.001
283.075,-62.0485
283.08,-62.0212
283.085,-62.3795
283.09,-62.338
283.095,-61.8402
283.1,-61.4373
283.105,-61.2754
283.11,-61.0601
283.115,-60.9374
283.12,-61.2575
283.125,-61.9703
283.13,-62.4662
283.135,-62.557
283.14,-62.6332
283.145,-62.6633
283.15,-62.8574
283.155,-62.6046
283.16,-60.5804
283.165,-56.1308
283.17,-50.3936
283.175,-44.5846
283.18,-38.3503
283.185,-31.3229
283.19,-24.6148
283.195,-19.3376
283.2,-14.7937
283.205,-9.73793
283.21,-4.67436
283.215,-1.62209
283.22,-2.65544
283.225,-9.75916
283.23,-22.9022
283.235,-39.2193
283.24,-54.5536
283.245,-66.2724
283.25,-74.5053
283.255,-79.9061
283.26,-82.363
283.265,-82.819
283.27,-82.5759
283.275,-82.5886
283.28,-83.8143
283.285,-85.8816
283.29,-84.7657
283.295,-75.3161
283.3,-50.6028
283.305,0.235524
283.31,81.7728
283.315,178.463
283.32,256.903
283.325,285.189
283.33,251.139
283.335,172.427
283.34,81.7086
283.345,5.67908
283.35,-44.2515
283.355,-69.8182
283.36,-77.7946
283.365,-76.0161
283.37,-70.7479
283.375,-65.3535
283.38,-61.3763
283.385,-58.5536
283.39,-55.5374
283.395,-51.7071
283.4,-47.5413
283.405,-43.3255
283.41,-38.3127
283.415,-31.6587
283.42,-23.6674
283.425,-15.0926
283.43,-7.01479
283.435,0.182052
283.44,7.74554
283.445,16.2992
283.45,25.3193
283.455,34.6779
283.46,44.7114
283.465,55.0017
283.47,65.8543
283.475,77.5653
283.48,89.3935
283.485,101.3
283.49,114.197
283.495,128.141
283.5,141.862
283.505,153.601
283.51,161.757
283.515,165.404
283.52,165.376
283.525,162.469
283.53,156.143
283.535,145.728
283.54,131.196
283.545,112.735
283.55,91.023
283.555,67.8677
283.56,44.6442
283.565,21.832
283.57,0.86533
283.575,-17.2087
283.58,-33.4554
283.585,-48.31
283.59,-60.6205
283.595,-69.679
283.6,-75.6926
283.605,-78.1142
283.61,-77.076
283.615,-73.9192
283.62,-70.1126
283.625,-66.871
283.63,-65.005
283.635,-63.9519
283.64,-62.5874
283.645,-61.2075
283.65,-60.6637
283.655,-60.4148
283.66,-60.6506
283.665,-62.4838
283.67,-64.9432
283.675,-66.5853
283.68,-67.4723
283.685,-67.2707
283.69,-65.2413
283.695,-62.9339
283.7,-61.8455
283.705,-60.9616
283.71,-59.3895
283.715,-56.7725
283.72,-52.4296
283.725,-46.3246
283.73,-39.2049
283.735,-31.6482
283.74,-23.843
283.745,-15.4948
283.75,-7.5392
283.755,-0.497409
283.76,5.77435
283.765,10.8597
283.77,14.9547
283.775,17.4581
283.78,15.9399
283.785,8.89106
283.79,-3.66569
283.795,-20.7204
283.8,-39.297
283.805,-54.7405
283.81,-65.3939
283.815,-72.9551
283.82,-77.965
283.825,-80.4991
283.83,-82.0445
283.835,-83.5643
283.84,-85.3053
283.845,-88.4588
283.85,-91.9983
283.855,-90.012
283.86,-76.2467
283.865,-42.4674
283.87,22.1775
283.875,116.832
283.88,216.37
283.885,283.485
283.89,291.233
283.895,237.896
283.9,148.646
283.905,57.3159
283.91,-13.4233
283.915,-57.8252
283.92,-79.1945
283.925,-84.6854
283.93,-82.8673
283.935,-78.5694
283.94,-73.2435
283.945,-68.7367
283.95,-65.8649
283.955,-62.1584
283.96,-56.7337
283.965,-51.1399
283.97,-45.0387
283.975,-37.6148
283.98,-30.076
283.985,-22.9742
283.99,-15.7342
283.995,-8.88978
284,-2.79588
284.005,3.73347
284.01,11.3666
284.015,19.6612
284.02,29.3068
284.025,40.593
284.03,52.0234
284.035,64.0933
284.04,78.3485
284.045,93.9305
284.05,109.081
284.055,124.042
284.06,138.427
284.065,150.214
284.07,159.438
284.075,166.62
284.08,169.483
284.085,167.035
284.09,160.951
284.095,150.917
284.1,136.086
284.105,117.953
284.11,96.922
284.115,72.1191
284.12,45.8121
284.125,21.7288
284.13,0.436796
284.135,-18.7911
284.14,-34.9076
284.145,-47.9584
284.15,-59.2725
284.155,-67.998
284.16,-73.5993
284.165,-77.4172
284.17,-79.7335
284.175,-79.991
284.18,-78.9523
284.185,-77.3313
284.19,-74.6988
284.195,-71.9753
284.2,-70.2176
284.205,-68.341
284.21,-66.4059
284.215,-66.0176
284.22,-66.5433
284.225,-66.191
284.23,-65.5376
284.235,-65.2205
284.24,-64.6817
284.245,-65.3908
284.25,-68.581
284.255,-72.0703
284.26,-74.0408
284.265,-75.2509
284.27,-74.3962
284.275,-69.5514
284.28,-63.3177
284.285,-58.2049
284.29,-53.0298
284.295,-46.9661
284.3,-40.0913
284.305,-31.6622
284.31,-23.5397
284.315,-18.4854
284.32,-14.7117
284.325,-10.3448
284.33,-6.72447
284.335,-6.3282
284.34,-9.564
284.345,-17.2895
284.35,-30.8876
284.355,-47.4253
284.36,-62.3796
284.365,-73.9723
284.37,-80.8848
284.375,-82.7268
284.38,-82.2518
284.385,-81.5162
284.39,-80.4909
284.395,-80.7476
284.4,-84.3323
284.405,-88.8827
284.41,-89.9021
284.415,-83.9726
284.42,-62.871
284.425,-12.7828
284.43,70.7845
284.435,173.315
284.44,262.616
284.445,303.193
284.45,276.626
284.455,199.189
284.46,104.716
284.465,20.3529
284.47,-39.9308
284.475,-73.2405
284.48,-85.3182
284.485,-84.5428
284.49,-77.6552
284.495,-70.3519
284.5,-65.406
284.505,-61.1039
284.51,-56.1017
284.515,-51.9874
284.52,-47.7407
284.525,-41.6581
284.53,-35.5501
284.535,-30.4619
284.54,-25.2826
284.545,-20.5829
284.55,-16.858
284.555,-10.9986
284.56,-2.04449
284.565,7.21072
284.57,16.2257
284.575,26.0978
284.58,36.0452
284.585,45.8187
284.59,56.9632
284.595,69.2028
284.6,81.9815
284.605,96.4853
284.61,111.905
284.615,125.331
284.62,135.674
284.625,143.433
284.63,147.888
284.635,148.639
284.64,147.412
284.645,143.916
284.65,135.645
284.655,122.967
284.66,107.826
284.665,89.8745
284.67,70.3318
284.675,50.9589
284.68,30.7205
284.685,9.33313
284.69,-10.9039
284.695,-28.9377
284.7,-45.1291
284.705,-58.1794
284.71,-67.3898
284.715,-74.2148
284.72,-78.9423
284.725,-80.532
284.73,-80.1808
284.735,-79.4167
284.74,-77.2809
284.745,-74.7032
284.75,-73.4682
284.755,-72.0627
284.76,-70.1128
284.765,-68.2277
284.77,-66.7874
284.775,-65.5306
284.78,-65.3752
284.785,-66.3674
284.79,-65.852
284.795,-64.485
284.8,-64.2239
284.805,-63.2985
284.81,-60.991
284.815,-59.5191
284.82,-58.4093
284.825,-55.4108
284.83,-50.7575
284.835,-45.2944
284.84,-38.6685
284.845,-32.2752
284.85,-26.469
284.855,-18.9197
284.86,-10.3652
284.865,-3.6781
284.87,1.56722
284.875,6.86617
284.88,10.2781
284.885,10.3818
284.89,8.2104
284.895,1.80165
284.9,-11.1939
284.905,-27.0132
284.91,-41.0235
284.915,-52.0313
284.92,-59.4247
284.925,-63.8344
284.93,-67.8057
284.935,-71.8177
284.94,-74.3499
284.945,-76.4322
284.95,-80.2
284.955,-83.7023
284.96,-83.2234
284.965,-75.845
284.97,-55.3117
284.975,-9.66352
284.98,67.6764
284.985,167.987
284.99,262.592
284.995,313.245
285,296.281
285.005,223.696
285.01,128.789
285.015,40.4215
285.02,-24.7884
285.025,-62.9586
285.03,-80.4764
285.035,-84.732
285.04,-80.5075
285.045,-73.5011
285.05,-67.8824
285.055,-63.1539
285.06,-58.3989
285.065,-54.7969
285.07,-51.1502
285.075,-45.749
285.08,-39.4535
285.085,-33.4947
285.09,-26.7111
285.095,-19.2728
285.1,-12.6947
285.105,-6.5407
285.11,0.645506
285.115,9.64979
285.12,21.1201
285.125,34.5433
285.13,47.8664
285.135,60.3608
285.14,73.8732
285.145,88.1947
285.15,102.144
285.155,116.775
285.16,132.116
285.165,146.597
285.17,159.693
285.175,172.033
285.18,181.456
285.185,185.913
285.19,185.675
285.195,181.215
285.2,172.964
285.205,162.174
285.21,148.928
285.215,131.5
285.22,110.083
285.225,87.2576
285.23,64.2615
285.235,41.5234
285.24,21.2547
285.245,3.86512
285.25,-11.8892
285.255,-25.0271
285.26,-35.1053
285.265,-43.2376
285.27,-49.9352
285.275,-54.6781
285.28,-57.8157
285.285,-59.8177
285.29,-60.3894
285.295,-60.4939
285.3,-61.2379
285.305,-61.4774
285.31,-61.2103
285.315,-62.4983
285.32,-64.4604
285.325,-64.9718
285.33,-64.8799
285.335,-64.8572
285.34,-64.1157
285.345,-63.1148
285.35,-62.5599
285.355,-61.3998
285.36,-59.9107
285.365,-58.5413
285.37,-55.309
285.375,-49.7143
285.38,-44.0363
285.385,-39.0561
285.39,-34.046
285.395,-28.7859
285.4,-22.88
285.405,-15.9804
285.41,-8.28105
285.415,-0.651234
285.42,6.34326
285.425,11.7943
285.43,13.3312
285.435,10.7388
285.44,4.40751
285.445,-7.34702
285.45,-24.0305
285.455,-41.2638
285.46,-55.6333
285.465,-66.7859
285.47,-74.5626
285.475,-78.4685
285.48,-80.6011
285.485,-83.0642
285.49,-85.764
285.495,-89.4029
285.5,-93.9579
285.505,-95.5153
285.51,-89.4626
285.515,-69.806
285.52,-24.0829
285.525,55.8615
285.53,160.01
285.535,256.937
285.54,309.605
285.545,295.174
285.55,221.645
285.555,122.166
285.56,30.1811
285.565,-36.4226
285.57,-73.6286
285.575,-87.3782
285.58,-88.4906
285.585,-85.2503
285.59,-80.8252
285.595,-76.7987
285.6,-73.4757
285.605,-69.2157
285.61,-63.3558
285.615,-57.002
285.62,-50.3962
285.625,-43.1178
285.63,-36.482
285.635,-30.8786
285.64,-24.6172
285.645,-17.4193
285.65,-9.87626
285.655,-1.62485
285.66,7.20744
285.665,16.6713
285.67,27.3324
285.675,38.7804
285.68,50.168
285.685,61.6503
285.69,74.1683
285.695,87.0452
285.7,99.3048
285.705,111.799
285.71,124.644
285.715,136.555
285.72,146.75
285.725,154.653
285.73,159.365
285.735,160.343
285.74,157.783
285.745,151.258
285.75,140.301
285.755,125.714
285.76,107.975
285.765,87.0048
285.77,63.4476
285.775,39.1129
285.78,15.0007
285.785,-7.92511
285.79,-27.9042
285.795,-44.5929
285.8,-58.3216
285.805,-68.6208
285.81,-76.2591
285.815,-82.7218
285.82,-87.6548
285.825,-90.2334
285.83,-90.83
285.835,-89.9287
285.84,-87.8377
285.845,-86.1764
285.85,-86.0726
285.855,-86.2627
285.86,-85.8669
285.865,-85.4214
285.87,-84.7129
285.875,-83.0526
285.88,-81.6566
285.885,-81.3001
285.89,-81.1267
285.895,-80.9855
285.9,-80.824
285.905,-79.5907
285.91,-76.585
285.915,-72.3446
285.92,-67.6053
285.925,-62.051
285.93,-56.139
285.935,-50.021
285.94,-42.3599
285.945,-34.1616
285.95,-27.4738
285.955,-21.9512
285.96,-16.2309
285.965,-11.2051
285.97,-8.28729
285.975,-8.15087
285.98,-12.6076
285.985,-23.5012
285.99,-38.8454
285.995,-54.8836
286,-68.5649
286.005,-77.6882
286.01,-82.3295
286.015,-84.6465
286.02,-85.872
286.025,-86.305
286.03,-86.9319
286.035,-88.4304
286.04,-90.8411
286.045,-93.1498
286.05,-91.0022
286.055,-77.4026
286.06,-41.5142
286.065,25.4224
286.07,119.417
286.075,219.286
286.08,290.294
286.085,303.037
286.09,252.346
286.095,162.74
286.1,68.4223
286.105,-5.97396
286.11,-51.6859
286.115,-72.9237
286.12,-78.3412
286.125,-75.3242
286.13,-69.376
286.135,-63.6912
286.14,-59.1338
286.145,-55.5336
286.15,-52.7574
286.155,-50.04
286.16,-46.6972
286.165,-43.1072
286.17,-38.9907
286.175,-33.1862
286.18,-25.7787
286.185,-17.6435
286.19,-8.7121
286.195,0.951056
286.2,10.5439
286.205,20.1003
286.21,30.1294
286.215,40.23
286.22,50.2816
286.225,60.9144
286.23,72.0294
286.235,83.0107
286.24,93.7575
286.245,104.122
286.25,113.264
286.255,121.121
286.26,128.003
286.265,133.086
286.27,135.908
286.275,136.266
286.28,132.889
286.285,125.026
286.29,113.358
286.295,98.4963
286.3,80.6442
286.305,61.081
286.31,41.5019
286.315,22.5261
286.32,4.32326
286.325,-12.526
286.33,-28.2215
286.335,-43.2868
286.34,-56.7251
286.345,-67.618
286.35,-76.1995
286.355,-82.6009
286.36,-86.5138
286.365,-88.226
286.37,-88.1924
286.375,-86.7637
286.38,-85.0948
286.385,-84.0104
286.39,-83.0267
286.395,-81.6084
286.4,-80.0803
286.405,-78.5842
286.41,-76.8121
286.415,-74.7001
286.42,-72.2925
286.425,-70.0114
286.43,-68.5194
286.435,-67.77
286.44,-66.8593
286.445,-65.3895
286.45,-63.1729
286.455,-59.8517
286.46,-55.6938
286.465,-51.3373
286.47,-46.9855
286.475,-42.221
286.48,-36.7209
286.485,-31.3047
286.49,-26.4001
286.495,-21.6943
286.5,-16.8262
286.505,-11.6963
286.51,-7.51085
286.515,-6.54207
286.52,-10.9744
286.525,-21.3737
286.53,-36.059
286.535,-51.5362
286.54,-63.9184
286.545,-71.5169
286.55,-75.3998
286.555,-77.0693
286.56,-77.6922
286.565,-78.4444
286.57,-80.0701
286.575,-82.8626
286.58,-86.6971
286.585,-89.2438
286.59,-86.0682
286.595,-71.7257
286.6,-37.394
286.605,24.7659
286.61,108.558
286.615,189.507
286.62,238.771
286.625,235.666
286.63,182.122
286.635,102.85
286.64,26.2288
286.645,-30.8952
286.65,-65.0012
286.655,-80.1719
286.66,-82.8704
286.665,-79.3516
286.67,-73.7704
286.675,-68.1181
286.68,-63.5995
286.685,-60.6246
286.69,-58.1906
286.695,-54.9793
286.7,-50.2596
286.705,-44.2586
286.71,-37.7787
286.715,-31.8707
286.72,-26.3263
286.725,-20.3916
286.73,-14.5203
286.735,-8.98219
286.74,-2.76363
286.745,4.44305
286.75,12.301
286.755,20.905
286.76,30.5259
286.765,40.7289
286.77,51.3863
286.775,63.2273
286.78,75.8605
286.785,87.8868
286.79,98.6863
286.795,107.797
286.8,114.35
286.805,118.143
286.81,119.614
286.815,119.078
286.82,116.145
286.825,109.984
286.83,100.282
286.835,87.63
286.84,72.7613
286.845,55.8058
286.85,36.9286
286.855,17.6835
286.86,-0.00360254
286.865,-15.4048
286.87,-28.2465
286.875,-38.0378
286.88,-45.4383
286.885,-52.4314
286.89,-59.4061
286.895,-65.46
286.9,-69.7423
286.905,-71.8468
286.91,-72.0917
286.915,-71.5198
286.92,-70.829
286.925,-69.5171
286.93,-67.4481
286.935,-64.8492
286.94,-61.0636
286.945,-56.8614
286.95,-54.1338
286.955,-52.9465
286.96,-51.7926
286.965,-49.9439
286.97,-47.2078
286.975,-43.7882
286.98,-40.6466
286.985,-38.0386
286.99,-35.105
286.995,-31.7774
287,-28.9546
287.005,-26.1257
287.01,-22.9989
287.015,-20.9586
287.02,-19.8624
287.025,-17.6327
287.03,-13.6519
287.035,-8.95232
287.04,-4.481
287.045,-2.99256
287.05,-8.17632
287.055,-19.7078
287.06,-34.3439
287.065,-48.8681
287.07,-59.9797
287.075,-65.7271
287.08,-68.1337
287.085,-69.7396
287.09,-70.3477
287.095,-70.8407
287.1,-73.3372
287.105,-77.3812
287.11,-81.5429
287.115,-84.8547
287.12,-84.1367
287.125,-72.2324
287.13,-39.2578
287.135,20.3612
287.14,98.3283
287.145,170.066
287.15,207.329
287.155,193.519
287.16,136.933
287.165,62.4353
287.17,-4.4216
287.175,-48.7638
287.18,-71.0674
287.185,-78.1932
287.19,-75.6619
287.195,-69.0779
287.2,-63.1692
287.205,-59.1721
287.21,-56.7819
287.215,-56.0894
287.22,-55.167
287.225,-51.9466
287.23,-48.1467
287.235,-45.3269
287.24,-41.752
287.245,-37.206
287.25,-33.3407
287.255,-29.1633
287.26,-23.6362
287.265,-18.0243
287.27,-12.0819
287.275,-4.02207
287.28,5.40585
287.285,14.8989
287.29,25.6204
287.295,37.5955
287.3,49.0939
287.305,60.4759
287.31,72.5805
287.315,83.9997
287.32,94.5085
287.325,105.069
287.33,113.975
287.335,119.329
287.34,121.568
287.345,120.688
287.35,116.516
287.355,110.59
287.36,102.865
287.365,90.6902
287.37,74.1886
287.375,56.6738
287.38,39.5026
287.385,22.276
287.39,5.97774
287.395,-9.16271
287.4,-22.8955
287.405,-33.3014
287.41,-40.1417
287.415,-45.8155
287.42,-51.6388
287.425,-56.6619
287.43,-61.2949
287.435,-65.447
287.44,-67.9222
287.445,-68.8252
287.45,-68.9842
287.455,-67.3302
287.46,-64.1705
287.465,-62.3217
287.47,-61.8139
287.475,-60.8729
287.48,-60.5205
287.485,-61.1422
287.49,-60.5868
287.495,-59.1037
287.5,-58.7367
287.505,-58.3947
287.51,-56.2843
287.515,-53.3303
287.52,-49.9951
287.525,-45.1808
287.53,-39.9491
287.535,-35.2363
287.54,-29.5124
287.545,-23.0789
287.55,-18.1505
287.555,-13.7678
287.56,-8.24305
287.565,-3.16961
287.57,0.177969
287.575,0.320732
287.58,-6.0808
287.585,-18.5292
287.59,-31.7125
287.595,-43.3438
287.6,-53.4848
287.605,-60.1473
287.61,-62.6028
287.615,-64.0532
287.62,-66.5913
287.625,-69.5865
287.63,-73.473
287.635,-78.5261
287.64,-83.2704
287.645,-86.016
287.65,-84.4705
287.655,-70.9023
287.66,-33.5416
287.665,31.7838
287.67,116.376
287.675,197.782
287.68,246.899
287.685,241.923
287.69,187.44
287.695,107.708
287.7,29.183
287.705,-30.0325
287.71,-64.8996
287.715,-80.5613
287.72,-84.2686
287.725,-81.9743
287.73,-78.7091
287.735,-75.8567
287.74,-71.6404
287.745,-66.3189
287.75,-61.9597
287.755,-58.074
287.76,-54.2114
287.765,-52.1021
287.77,-51.1742
287.775,-49.1153
287.78,-46.1875
287.785,-42.5846
287.79,-36.4613
287.795,-28.9583
287.8,-23.5266
287.805,-19.0255
287.81,-13.0744
287.815,-5.91741
287.82,2.85216
287.825,13.6187
287.83,24.1705
287.835,34.3291
287.84,46.1917
287.845,59.2977
287.85,72.1721
287.855,84.8785
287.86,96.4462
287.865,104.777
287.87,109.495
287.875,111.552
287.88,110.51
287.885,105.509
287.89,97.3732
287.895,86.1571
287.9,71.2167
287.905,55.0542
287.91,40.1567
287.915,25.6299
287.92,11.5196
287.925,-0.415921
287.93,-10.2874
287.935,-18.5662
287.94,-24.6647
287.945,-29.9256
287.95,-35.9263
287.955,-41.6689
287.96,-46.6212
287.965,-52.2918
287.97,-58.0854
287.975,-62.0667
287.98,-65.0256
287.985,-67.9736
287.99,-69.2422
287.995,-68.8529
288,-68.2072
288.005,-66.6946
288.01,-64.2898
288.015,-63.1168
288.02,-63.4333
288.025,-62.4908
288.03,-59.6102
288.035,-57.0994
288.04,-54.7123
288.045,-51.7001
288.05,-48.682
288.055,-44.2038
288.06,-37.5173
288.065,-30.1955
288.07,-23.1406
288.075,-16.6146
288.08,-12.26
288.085,-9.03193
288.09,-3.20375
288.095,4.50472
288.1,9.16074
288.105,9.50567
288.11,5.84768
288.115,-3.62176
288.12,-17.487
288.125,-32.0726
288.13,-45.6785
288.135,-56.8925
288.14,-63.6397
288.145,-66.8826
288.15,-70.3271
288.155,-74.553
288.16,-77.9732
288.165,-81.3573
288.17,-84.8761
288.175,-87.1906
288.18,-87.7376
288.185,-83.7189
288.19,-63.646
288.195,-14.3043
288.2,65.9213
288.205,162.709
288.21,247.523
288.215,288.033
288.22,265.501
288.225,192.838
288.23,100.955
288.235,18.375
288.24,-38.3486
288.245,-68.0874
288.25,-79.3574
288.255,-80.3138
288.26,-76.2925
288.265,-71.8256
288.27,-68.5238
288.275,-65.4354
288.28,-63.0801
288.285,-61.8981
288.29,-59.6922
288.295,-55.7089
288.3,-51.3577
288.305,-45.5202
288.31,-37.2942
288.315,-29.4767
288.32,-24.1645
288.325,-20.4137
288.33,-17.7665
288.335,-15.747
288.34,-11.7027
288.345,-4.63344
288.35,3.80015
288.355,13.2972
288.36,23.9941
288.365,34.4197
288.37,44.7617
288.375,56.5738
288.38,68.5566
288.385,78.9555
288.39,88.5941
288.395,97.0681
288.4,102.299
288.405,104.736
288.41,105.594
288.415,103.234
288.42,96.5939
288.425,86.9655
288.43,73.7888
288.435,56.9495
288.44,39.1711
288.445,21.3217
288.45,2.37371
288.455,-15.6617
288.46,-30.4024
288.465,-43.2735
288.47,-54.8326
288.475,-63.1499
288.48,-69.0297
288.485,-74.1819
288.49,-77.6
288.495,-78.5711
288.5,-78.5307
288.505,-77.7582
288.51,-75.7193
288.515,-73.8015
288.52,-72.4092
288.525,-70.9902
288.53,-70.4307
288.535,-71.862
288.54,-73.7173
288.545,-74.9971
288.55,-76.7202
288.555,-78.9593
288.56,-81.0865
288.565,-84.6778
288.57,-89.2192
288.575,-91.8083
288.58,-92.5931
288.585,-91.6137
288.59,-86.477
288.595,-77.143
288.6,-67.2804
288.605,-58.1856
288.61,-48.9949
288.615,-40.5829
288.62,-33.2319
288.625,-25.5032
288.63,-17.5893
288.635,-10.38
288.64,-3.36783
288.645,2.36252
288.65,3.80781
288.655,-0.55718
288.66,-10.3807
288.665,-24.3731
288.67,-39.1009
288.675,-50.3884
288.68,-58.0848
288.685,-64.0683
288.69,-68.0127
288.695,-70.0597
288.7,-72.0714
288.705,-74.0222
288.71,-75.5692
288.715,-78.213
288.72,-79.9988
288.725,-76.0981
288.73,-59.8615
288.735,-19.3026
288.74,54.3482
288.745,149.45
288.75,234.301
288.755,278.444
288.76,263.934
288.765,198.492
288.77,111.876
288.775,34.1077
288.78,-20.5685
288.785,-51.5824
288.79,-63.6883
288.795,-64.4375
288.8,-61.5389
288.805,-57.7714
288.81,-53.2933
288.815,-49.5944
288.82,-46.8451
288.825,-43.3738
288.83,-39.1758
288.835,-34.9097
288.84,-29.3578
288.845,-22.2024
288.85,-15.0925
288.855,-8.30928
288.86,-1.78412
288.865,3.28317
288.87,7.63635
288.875,13.6839
288.88,21.2744
288.885,28.8966
288.89,37.6328
288.895,48.2702
288.9,59.9626
288.905,72.6702
288.91,86.2045
288.915,98.6102
288.92,109.343
288.925,119.608
288.93,129.073
288.935,136.214
288.94,141.043
288.945,143.242
288.95,141.491
288.955,136.853
288.96,129.982
288.965,118.957
288.97,103.501
288.975,85.8873
288.98,67.3124
288.985,47.8133
288.99,29.2926
288.995,12.5887
289,-3.61473
289.005,-18.3951
289.01,-29.3329
289.015,-37.3425
289.02,-44.3726
289.025,-50.3336
289.03,-55.7789
289.035,-61.0404
289.04,-63.9548
289.045,-63.9943
289.05,-63.5876
289.055,-63.0075
289.06,-61.5843
289.065,-60.9032
289.07,-60.8625
289.075,-59.0006
289.08,-55.4307
289.085,-52.0401
289.09,-48.9152
289.095,-46.6165
289.1,-46.5842
289.105,-47.6405
289.11,-47.9583
289.115,-48.3693
289.12,-49.2838
289.125,-49.34
289.13,-48.4002
289.135,-47.0948
289.14,-44.0239
289.145,-38.8644
289.15,-33.6546
289.155,-28.7944
289.16,-23.8103
289.165,-19.5293
289.17,-15.8688
289.175,-12.0977
289.18,-8.47812
289.185,-5.17023
289.19,-0.858397
289.195,4.19088
289.2,6.85491
289.205,5.69428
289.21,-0.0201013
289.215,-11.3993
289.22,-26.0909
289.225,-39.5965
289.23,-50.2883
289.235,-58.2532
289.24,-62.1262
289.245,-62.5642
289.25,-63.1168
289.255,-64.7831
289.26,-66.5964
289.265,-69.2233
289.27,-71.8536
289.275,-69.9456
289.28,-59.3457
289.285,-31.9765
289.29,24.6749
289.295,111.115
289.3,207.233
289.305,281.884
289.31,307.284
289.315,271.103
289.32,190.443
289.325,98.0626
289.33,19.163
289.335,-35.3571
289.34,-64.6672
289.345,-74.508
289.35,-73.6033
289.355,-67.9898
289.36,-61.259
289.365,-56.7656
289.37,-54.8176
289.375,-53.3477
289.38,-51.5167
289.385,-48.7674
289.39,-43.5758
289.395,-36.4801
289.4,-29.875
289.405,-23.8987
289.41,-17.3805
289.415,-10.6981
289.42,-3.84906
289.425,4.30316
289.43,12.5457
289.435,19.9372
289.44,27.9451
289.445,37.2128
289.45,46.9208
289.455,57.7166
289.46,70.6205
289.465,84.473
289.47,97.9912
289.475,111.575
289.48,124.149
289.485,133.788
289.49,141.313
289.495,147.079
289.5,149.317
289.505,148.372
289.51,145.234
289.515,137.973
289.52,125.574
289.525,109.934
289.53,91.9979
289.535,72.1938
289.54,52.5024
289.545,34.0169
289.55,16.0628
289.555,-0.308682
289.56,-12.9483
289.565,-22.6278
289.57,-30.7069
289.575,-36.5736
289.58,-40.9649
289.585,-45.4228
289.59,-48.859
289.595,-50.4783
289.6,-51.6043
289.605,-51.9722
289.61,-50.7675
289.615,-49.6942
289.62,-49.0704
289.625,-46.9002
289.63,-44.3346
289.635,-43.2762
289.64,-42.1984
289.645,-40.4706
289.65,-39.7236
289.655,-39.4206
289.66,-38.3034
289.665,-37.7089
289.67,-38.392
289.675,-38.614
289.68,-38.1358
289.685,-37.7147
289.69,-36.4054
289.695,-34.6495
289.7,-34.2987
289.705,-33.9479
289.71,-30.7383
289.715,-25.7428
289.72,-20.0155
289.725,-13.3733
289.73,-7.51399
289.735,-3.32019
289.74,1.04745
289.745,5.92652
289.75,10.0367
289.755,14.9985
289.76,22.0723
289.765,28.0259
289.77,29.9434
289.775,26.9319
289.78,17.3529
289.785,1.82415
289.79,-14.605
289.795,-28.1227
289.8,-38.9226
289.805,-47.5619
289.81,-53.9009
289.815,-58.1897
289.82,-61.2691
289.825,-63.0086
289.83,-64.956
289.835,-68.2999
289.84,-68.6869
289.845,-61.9297
289.85,-42.3266
289.855,1.92588
289.86,76.7514
289.865,170.238
289.87,254.552
289.875,299.56
289.88,284.236
289.885,214.885
289.89,122.218
289.895,36.2516
289.9,-26.8987
289.905,-63.0697
289.91,-76.4653
289.915,-76.7093
289.92,-72.3617
289.925,-67.3259
289.93,-63.5074
289.935,-61.2658
289.94,-58.3336
289.945,-54.0469
289.95,-49.9154
289.955,-45.4222
289.96,-38.9399
289.965,-31.867
289.97,-25.8058
289.975,-19.7349
289.98,-13.2368
289.985,-7.09707
289.99,-0.711102
289.995,6.57566
